子任务ID,父任务ID,序列,子任务组,禁止进入联机,显示状态,[领取条件]组合,[领取条件]1类型,[领取条件]1参数1,[领取条件]1参数2,[领取条件]1参数3,[领取条件]2类型,[领取条件]2参数1,[领取条件]2参数2,[领取条件]2参数3,[领取条件]3类型,[领取条件]3参数1,[领取条件]3参数2,[领取条件]3参数3,[领取条件]4类型,[领取条件]4参数1,[领取条件]4参数2,[领取条件]4参数3,[完成条件]组合,[完成条件]1类型,[完成条件]1参数1,[完成条件]1参数2,[完成条件]1复杂参数,[完成条件]1次数,[完成条件]2类型,[完成条件]2参数1,[完成条件]2复杂参数,[完成条件]2次数,[完成条件]3类型,[完成条件]3参数1,[完成条件]3复杂参数,[完成条件]3次数,[完成条件]4类型,[完成条件]4参数1,[完成条件]4复杂参数,[完成条件]4次数,[失败条件]组合,[失败条件]1类型,[失败条件]1参数1,[失败条件]1参数2,[失败条件]1复杂参数,[失败条件]1次数,[失败条件]2类型,[失败条件]2参数1,[失败条件]2参数2,[失败条件]2复杂参数,[失败条件]2次数,[任务指引]类型,[任务指引]自动开启或关闭,[任务指引]参数1,[任务指引]参数2,[任务指引]场景ID,[任务指引]样式,[任务指引]显示层级,场景内指引,完成父任务,失败父任务,是存档点,[任务道具]ID,[任务道具]数量,[执行]1类型,[执行]1参数1,[执行]1参数2,[执行]2类型,[执行]2参数1,[执行]2参数2,[执行]3类型,[执行]3参数1,[执行]3参数2,[失败执行]1类型,[失败执行]1参数1,[失败执行]1参数2,[失败执行]2类型,[失败执行]2参数1,[失败执行]2参数2,[失败执行]3类型,[失败执行]3参数1,[失败执行]3参数2,[开始执行]1类型,[开始执行]1参数1,[开始执行]1参数2,[开始执行]2类型,[开始执行]2参数1,[开始执行]2参数2,[开始执行]3类型,[开始执行]3参数1,[开始执行]3参数2,独占NPC,共享NPC,独占优先级,试用角色列表,加载技能组,独占情境ID,CoopPointID,刷新是否限定单机,关卡映射
100099,1000,1,,,1,,1,99902,3,,,,,,,,,,,,,,,18,0,,0#24,,,,,,,,,,,,,,,,,,,,,,,,,,,,,,,,,,,1,,,,,,,,,,,,,,,,,,,,,,,,,,,,,,,,,,,,,,
100098,1000,2,,,1,,1,99902,3,,,,,,,,,,,,,,,18,0,,0#24,,,,,,,,,,,,,,,,,,,,,,,,,,,,,,,,,,,1,,,,,,,,,,,,,,,,,,,,,,,,,,,,,,,,,,,,,,
100000,1000,3,,,,,1,39604,3,,,,,,,,,,,,,,,4,100000,,,,,,,,,,,,,,,,,,,,,,,,,,,1,,Q100001Player,,3,4,,,,,1,,,,,,,,,,,,,,,,,,,,,,,,,,,,,,201301#200901#201101#162501#202301#203601#2025,,1000,,,,,,
100001,1000,4,,1,,,1,100000,3,,,,,,,,,,,,,,,2,100001,,,,,,,,,,,,,,,,,,,,,,,,,,,,,,,,,,,,,1,,,,,,,,,,,,,,,,,,,,,,,,,,,,,,201301#200901#201101#162501#202301#203601#2025,,1000,,,,,,
100002,1000,5,2,,,,1,100001,3,,,,,,,,,,,,,,2,2,100002,,,,2,10000201,,,,,,,,,,,,,,,,,,,,,,2,,203601,,3,2,2,,,,1,,,23,100005,1,23,100006,1,,,,,,,,,,,,,,,,,,,,,,201301#200901#201101#162501#202301#203601#2064#1625#2023,,1000,,,,,,
100003,1000,6,2,,,,1,100001,3,,,,,,,,,,,,,,2,2,100003,,,,2,10000301,,,,,,,,,,,,,,,,,,,,,,2,,202301,,3,2,2,,,,1,,,23,100005,1,23,100006,1,,,,,,,,,,,,,,,,,,,,,,201301#200901#201101#162501#202301#203601#2064#1625#2023,,1000,,,,,,
100004,1000,7,2,,,,1,100001,3,,,,,,,,,,,,,,2,2,100004,,,,2,10000401,,,,,,,,,,,,,,,,,,,,,,2,,201301,,3,2,2,,,,1,,,23,100005,1,23,100006,1,,,,,,,,,,,,,,,,,,,,,,201301#200901#201101#162501#202301#203601#1625#2064#2023,,1000,,,,,,
100005,1000,8,,,1,,1,100001,3,,,,,,,,,,,,,,,24,100005,,,2,,,,,,,,,,,,,,,,,,,,,,,,,,,,,,,,,,1,,,,,,,,,,,,,,,,,,,,,,,,,,,,,,,,,,,,,,
100006,1000,9,,,1,,1,100001,3,,,,,,,,,,,,,,,24,100006,,,3,,,,,,,,,,,,,,,,,,,,,,,,,,,,,,,,,,1,,,23,100016,1,,,,,,,,,,,,,,,,,,,,,,,,,201301#200901#201101#162501#202301#203601#1625#2064#2023,,1000,,,,,,
100016,1000,10,,,1,,1,100001,3,,,,,,,,,,,,,,,24,100016,,,1,,,,,,,,,,,,,,,,,,,,,,,,,,,,,,,,,,1,,,,,,,,,,,,,,,,,,,,,,,,,,,,,,,,,,,,,,
100007,1000,11,,,,,1,100006,3,,,,,,,,,,,,,,,4,100007,,,,,,,,,,,,,,,,,,,,,,,,,,,1,,Q1000Zone2,,3,,,,,,1,,,,,,,,,,,,,,,,,,,,,,,,,,,,,,209001#207201#10211#1625#2064#2023,,1000,,,,,,
100021,1000,12,3,,,,1,100007,3,,,,,,,,,,,,,,2,2,100021,,,,2,10002101,,,,,,,,,,,,,,,,,,,,,,1,,Q1000Xianglu2High,,3,2,1,,,,1,,,23,100024,1,23,100023,1,,,,,,,,,,,,,,,,,,,,,,209001#207201#10211#2069#2071#2073,,1000,,,,,,
100022,1000,13,3,,,,1,100007,3,,,,,,,,,,,,,,2,2,100022,,,,2,10002201,,,,,,,,,,,,,,,,,,,,,,1,,Q1000Xianglu1High,,3,2,1,,,,1,,,23,100024,1,23,100023,1,,,,,,,,,,,,,,,,,,,,,,209001#207201#10211#2069#2071#2073,,1000,,,,,,
100023,1000,14,,,1,,1,100007,3,,,,,,,,,,,,,,,24,100023,,,1,,,,,,,,,,,,,,,,,,,,,,,,,,,,,,,,,,1,,,,,,,,,,,,,,,,,,,,,,,,,,,,,,,,,,,,,,
100024,1000,15,,,1,,1,100007,3,,,,,,,,,,,,,,,24,100024,,,2,,,,,,,,,,,,,,,,,,,,,,,,,,,,,,,,,,1,,,23,100025,1,,,,,,,,,,,,,,,,,,,,,,,,,209001#207201#10211#2069#2071#2073,,1000,,,,,,
100025,1000,16,,,1,,1,100007,3,,,,,,,,,,,,,,,24,100025,,,1,,,,,,,,,,,,,,,,,,,,,,,,,,,,,,,,,,1,,,23,100101,1,,,,,,,,,,,,,,,,,,,,,,,,,,,,,,,,,
100026,1000,17,,1,,,1,100024,3,,,,,,,,,,,,,,,4,100026,,,,,,,,,,,,,,,,,,,,,,,,,,,1,,Q1000Zone2,,3,,,,,,1,,,,,,,,,,,,,,,,,,,,,,,,,,,,,,2073#2069#2071,,1000,,,,,,
100008,1000,18,,1,,,1,100026,3,,,,,,,,,,,,,,,4,100008,,,,,,,,,,,,,,,,,,,,,,,,,,,,,,,,,,,,,1,,,23,100401,1,23,100402,1,,,,,,,,,,,,,21,11,,,,,,,,2073#2069#2071,,1000,,,,,,
100015,1000,19,,1,,,1,100008,3,,,,,,,,,,,,,,,2,100015,,,,,,,,,,,,,,,,,,,,,,,,,,,,,,,,,,,,,1,,,,,,,,,,,,,,,,,,,,,31,0,,,,,,,,2073#2069#2071,,1000,,,,,,
100009,1000,20,,1,1,,1,100015,3,,,,,,,,,,,,,,,4,100009,,,,,,,,,,,,,,,,,,,,,,,,,,,1,,Q1000Zone3,,3,,,,,,1,,,,,,,,,,,,,,,,,,,,,31,0,,,,,,,,,,,,,,,,
100027,1000,21,,1,1,,1,100009,3,,,,,,,,,,,,,,,24,100027,,,1,,,,,,,,,,,,,,,,,,,,,,,,1,,,,3,,,,,,,,,,,,,,,,,,,,,,,,,,,,,,,,,,,,,,,,,,,,
100010,1000,22,,1,,,1,100009,3,,,,,,,,,,,,,,,4,100010,,,,,,,,,,,,,,,,,8,100010,,,,,,,,,1,,Q1000Target,,3,4,1,,,,1,,,23,100027,1,,,,,,,,,,,,,,,,31,0,,,,,,,,,,,,,,,,
100011,1000,23,,1,1,,1,100010,4,,,,,,,,,,,,,,,4,100011,,,,,,,,,,,,,,,,,,,,,,,,,,,,,,,,,,,,,1,,,14,100010,,,,,,,,,,,,,,,,,31,0,,,,,,,,,,,,,,,,
100012,1000,24,,1,1,,1,100010,3,,,,,,,,,,,,,,,4,100012,,,,,,,,,,,,,,,,,,,,,,,,,,,,,,,,,,,,,1,,,,,,,,,,,,,,,,,,,,,32,,,,,,,,,,,,,,,,,
100013,1000,25,,,,,1,100012,3,,,,,,,,,,,,,,,2,100013,,,,,,,,,,,,,,,,,,,,,,,,,,,2,,10200,,3,2,2,,,,1,,,,,,,,,,,,,,,,,,,,,,,,,,,,,,10200,,1000,,,,,,
100014,1000,26,,,,,1,100013,3,,,,,,,,,,,,,,,2,100014,,,,,,,,,,,,,,,,,,,,,,,,,,,1,,Q100014GongziUp,,3,2,2,,1,,1,100430,1,,,,,,,,,,,,,,,,,,,,,,,,,,,,10200,,1000,,,,,,
100101,1001,1,,,1,,1,100006,3,,,,,,,,,,,,,,2,2,100101,,,,2,100102,,,,,,,,,,,,24,100101,,,1,,,,,,,,,,,,,,,,1,,,,,,,,,,,,,,,,,,,,,,,,,,,,,,,,,,,,,,
100102,1001,2,,,1,,1,100101,3,,,,,,,,,,,,,,,4,100102,,,,,,,,,,,,,,,,,,,,,,,,,,,,,,,,,,,,,1,,,14,100101,,,,,,,,,,,,,,,,,,,,,,,,,,,,,,,,,,
100103,1001,3,,,1,,1,100101,4,,,,,,,,,,,,,,,4,100103,,,,,,,,,,,,,,,,,,,,,,,,,,,,,,,,,,,1,,1,,,,,,,,,,,,,,,,,,,,,,,,,,,,,,,,,,,,,,
100201,1002,1,,,,,1,100014,3,,,,,,,,,,,,,,,6,1160,,,,,,,,,,,,,,,,,,,,,,,,,,,1,,Q1002_Target1,90,3,,,,,,1,,,,,,,,,,,,,,,,,,,,,19,3,133103903#1,,,,,,,2002801,,1000,,,,,,
100202,1002,2,,1,1,,1,100201,3,,,,,,,,,,,,,,,2,100202,,,,,,,,,,,,,,,,,21,,,,,,,,,,2,,2002801,,3,2,2,,,,,,,,,,,,,,,,14,100201,,,,,,,,,,,,,,,,,2002801,,1000,,,,,,
100203,1002,3,,1,1,,1,100201,3,,,,,,,,,,,,,,,4,100203,,,,,,,,,,,,,,,,,,,,,,,,,,,,,,,,,,,,,,,,19,3,133103903#2,,,,,,,,,,,,,,,,,,,,,,,,,,,,,,,,,
100204,1002,4,,1,,,1,100202,3,,,,,,,,,,,,,,,20,,,133103903,20,,,,,,,,,,,,,2,8,100204,,,,21,,,,,1,,Q1002_Target2,50,3,,,,,,,,,19,3,133103903#1,,,,,,,14,100201,,19,3,133103903#1,,,,,,,,,,,,,2002801,,1000,,,,,,
100205,1002,5,,1,1,,1,100204,3,,,,,,,,,,,,,,,2,100205,,,,,,,,,,,,,,,,,,,,,,,,,,,,,,,,,,,1,,1,,,,,,,,,,,,,,,,,,,,,,,,,,,,,,2002801,,1000,,,,,,
100301,1003,1,,1,,,1,100205,3,,,,,,,,,,,,,,,4,100301,,,,,,,,,,,,,,,,,,,,,,,,,,,1,,Q1003Trigger,,3,2,2,1,,,1,,,23,100320,1,,,,,,,,,,,,,,,,,,,,,,,,,,10204,1000,,,,,,
100320,1003,2,,,1,,1,100301,2,,,,,,,,,,,,,,,4,100320,,,,,,,,,,,,,,,,,24,100320,1,,,,,,,,,,,,,,,,,,,,,,,,,,,,,,,,,,,,,,,,,,,,,,,,,,,,,,,,
100302,1003,3,,1,1,,1,100301,3,,,,,,,,,,,,,,,4,100302,,,,,,,,,,,,,,,,,,,,,,,,,,,,,,,,,,,,,1,,,,,,,,,,,,,,,,,,,,,,,,,,,,,,,,,,,,,,
100303,1003,4,,,,,1,100302,3,,,,,,,,,,,,,,2,2,100399,,,,2,100398,,,,,,,,,,,,,,,,,,,,,,2,,10204,,3,2,2,,,,1,,,23,100319,1,,,,,,,,,,,,,,,,,,,,,,,,,10204,,1000,,,,,,
100319,1003,5,,,1,,1,100301,3,,,,,,,,,,,,,,2,4,100319,,,,24,100319,1,,,,,,,,,,,,,,,,,,,,,,,,,,,,,,,,,,,,,,,,,,,,,,,,,,,,,,,,,,,,,,,,,,,,,
100304,1003,6,,,,,1,100303,3,,,,,,,,,,,,,,,2,100304,,,,,,,,,,,,,,,,,,,,,,,,,,,2,,220801,,3,2,2,,,,1,,,,,,,,,,,,,,,,,,,,,,,,,,,,,,2208#2204#2202#231101#231102,,1000,,,,,,
100305,1003,7,,,,,1,100304,3,,,,,,,,,,,,,,,5,108030,,,1,,,,,,,,,,,,,,,,,,,,,,,,,,,,,,,,,,1,,,,,,,,,,,,,,,,,,,,,,,,,,,,,,2208#2204#2202#231101#231102,,1000,,,,,,
100306,1003,8,,,,,1,100305,3,,,,,,,,,,,,,,,2,100306,,,,,,,,,,,,,,,,,,,,,,,,,,,2,,220401,,3,2,2,,,,1,,,,,,,,,,,,,,,,,,,,,,,,,,,,,,2208#2204#2202#231101#231102,,1000,,,,,,
100307,1003,9,,,,,1,100306,3,,,,,,,,,,,,,,,4,100307,,,,,,,,,,,,,,,,,,,,,,,,,,,1,,Q100307Trigger,,3,4,2,,,,1,,,,,,,,,,,,,,,,,,,,,,,,,,,,,,2208#2204#2202#231101#231102,,1000,,,,,,
100308,1003,10,,,1,,1,100307,3,,,,,,,,,,,,,,,2,100308,,,,,,,,,,,,,,,,,,,,,,,,,,,,,,,,,,,,,,,,,,,,,,,,,,,,,,,,,,,,,,,,,,,2208#2204#2202#231101#231102,,1000,,,,,,
100309,1003,11,,,,,1,100308,3,,,,,,,,,,,,,,,2,100309,,,,,,,,,,,,,,,,,,,,,,,,,,,2,,220401,,3,2,2,,,,1,,,,,,,,,,,,,,,,,,,,,,,,,,,,,,2208#2204#2202#231101#231102,,1000,,,,,,
100310,1003,12,,,,,1,100309,3,,,,,,,,,,,,,,,2,100310,,,,,,,,,,,,,,,,,,,,,,,,,,,2,,220801,,3,2,2,,,,1,,,,,,,,,,,,,,,,,,,,,,,,,,,,,,2208#2204#2202#231101#231102,,1000,,,,,,
100321,1003,13,,,,,1,100310,3,,,,,,,,,,,,,,,25,70710056,,,,,,,,,,,,,,,,,,,,,,,,,,,1,,Q100321Guide,,3,2,2,,,,,,,19,3,133104471#2,,,,,,,,,,,,,,,,19,3,133104471#1,,,,,,,2208#2204#2202#231101#231102,,1000,,,,,,
100311,1003,14,,1,,,1,100321,3,,,,,,,,,,,,,,,4,100311,,,,,,,,,,,,,,,,,,,,,,,,,,,1,,Q100311Trigger,45,3,2,2,1,,,1,,,,,,,,,,,,,,,,,,,,,,,,,,,,,,2208#2204#2202#231101#231102,,1000,,,,,,
100312,1003,15,,1,1,,1,100311,3,,,,,,,,,,,,,,,4,100312,,,,,,,,,,,,,,,,,,,,,,,,,,,2,,231102,,3,2,2,,,,,,,,,,,,,,,,,,,,,,,,,19,3,133104041#2,19,3,133104212#2,19,3,133104424#1,2208#2204#2202#231101#231102,,1000,,,,,,
100313,1003,16,,1,,,1,100312,3,,,,,,,,,,,,,,,4,100313,,,,,,,,,,,,,,,,,,,,,,,,,,,1,,Q100313Trigger,,3,2,2,1,,,1,,,,,,,,,,,,,,,,,,,,,19,3,133104041#2,19,3,133104212#2,19,3,133104424#1,2208#2204#2202#231101#231102,,1000,,,,,,
100314,1003,17,,1,,,1,100313,3,,,,,,,,,,,,,,,7,133104424,,,,,,,,,,,,,,,,,,,,,,,,,,,1,,Q100313Trigger,,3,2,2,1,,,1,,,19,3,133104424#3,,,,,,,,,,,,,,,,19,3,133104041#2,19,3,133104212#2,19,3,133104424#2,2208#2204#2202#231101#231102,,1000,,,,,,
100315,1003,18,,,,,1,100314,3,,,,,,,,,,,,,,,2,100315,,,,,,,,,,,,,,,,,,,,,,,,,,,2,,231101,,3,2,2,,,,1,,,,,,,,,,,,,,,,,,,,,19,3,133104041#2,19,3,133104212#2,,,,2208#2204#2202#231101#231102,,1000,,,,,,
100316,1003,19,,,,,1,100315,3,,,,,,,,,,,,,,,2,100316,,,,,,,,,,,,,,,,,,,,,,,,,,,2,,220401,,3,2,2,,,,1,100428,1,19,3,133104041#1,19,3,133104212#1,,,,,,,,,,,,,19,3,133104041#2,19,3,133104212#2,,,,2208#2204#2202#231101#231102,,1000,,,,,,
100317,1003,20,,,,1,1,100316,3,,1,100305,3,,,,,,,,,,,2,100317,,,,,,,,,,,,,,,,,,,,,,,,,,,2,,10204,,3,2,2,,1,,1,,,1,108030,1,1,100428,1,,,,,,,,,,,,,,,,,,,,,,10204#2204,,1000,,,,,,
100401,1004,1,,,1,,1,100006,3,,,,,,,,,,,,,,,24,100401,,,1,,,,,,,,,,,,,,,,,,,,,,,,,,,,,,,,,,1,,,,,,,,,,,,,,,,,,,,,,,,,,,,,,,,,,,,,,
100402,1004,2,,,1,,1,100006,3,,,,,,,,,,,,,,,24,100402,,,1,,,,,,,,,,,,,,,,,,,,,,,,,,,,,,,,,,1,,,,,,,,,,,,,,,,,,,,,19,3,133107010#2,,,,,,,,,,,,,,,
100403,1004,3,,,1,,1,100402,3,,,,,,,,,,,,,,,24,100403,,,1,,,,,,,,,,,,,,,,,,,,,,,,,,,,,,,,,,1,,,,,,,,,,,,,,,,,,,,,19,3,133107010#3,,,,,,,,,,,,,,,
100404,1004,4,,,1,,1,100403,3,,,,,,,,,,,,,,,18,0,,0#24,,,,,,,,,,,,,,,,,,,,,,,,,,,,,,,,,1,,1,,,,,,,,,,,,,,,,,,,,,19,3,133107010#1,,,,,,,,,,,,,,,
100501,1005,1,,,1,,1,4000506,3,,,,,,,,,,,,,,,18,0,,0#24,,,,,,,,,,,,,,,,,,,,,,,,,,,,,,,,,1,,1,,,,,,,,,,,,,,,,,,,,,,,,,,,,,,,,,,,,,,
100601,1006,1,,,1,,1,4000505,3,,,,,,,,,,,,,,,18,0,,0#24,,,,,,,,,,,,,,,,,,,,,,,,,,,,,,,,,1,,1,,,,,,,,,,,,,,,,,,,,,,,,,,,,,,,,,,,,,,
100701,1007,1,,,1,,1,100012,3,,,,,,,,,,,,,,2,2,100701,,,,2,100702,,,,,,,,,,,,,,,,,,,,,,,,,,,,,,,,1,,,,,,,,,,,,,,,,,,,,,,,,,,,,,,,,,,,,,,
100702,1007,2,,,1,,1,100701,3,,,,,,,,,,,,,,,4,100702,,,,,,,,,,,,,,,,,,,,,,,,,,,,,,,,,,,,,1,,,14,100701,,,,,,,,,,,,,,,,,,,,,,,,,,,,,,,,,,
100703,1007,3,,,1,,1,101801,3,,,,,,,,,,,,,,,4,100703,,,,,,,,,,,,,,,,,,,,,,,,,,,,,,,,,,,1,,1,,,,,,,,,,,,,,,,,,,,,,,,,,,,,,,,,,,,,,
100808,1008,1,,,1,,1,100205,3,,,,,,,,,,,,,,,4,100808,,,,,,,,,,,,,,,,,,,,,,,,,,,,,,,,,,,,,1,,,15,3,133103908,15,3,133103913,,,,,,,,,,,,,19,3,133103908#1,19,3,133103907#1,19,3,133103913#2,,10259#10260,,,,,,,
100801,1008,2,,,,,1,100808,3,,,,,,,,,,,,,,,24,100801,,,1,,,,,,,,,,,,,,,,,,,,,,,,1,,Q100802DaoBorn01,50,3,2,2,1,,,,,,,,,,,,,,,,,,,,,,,,,,,,,,,,,10259#10260,,1000,,,,,,
100802,1008,3,,,1,,1,100808,3,,,,,,,,,,,,,,,2,100802,,,,,,,,,,,,,,,,,24,100802,,,1,,,,,,,,,,,,,,,,,,,23,100801,1,,,,,,,,,,,,,,,,,,,,,,,,,,,,,,,,,
100803,1008,4,,,1,,1,100808,3,,,,,,,,,,,,,,,20,,,13310390801,1,,,,,,,,,,,,,,,,,,,,,,,,,,,,,,,,,,,,,23,100801,1,23,100802,1,,,,,,,,,,,,,,,,,,,,,,,,,,,,,,
100804,1008,5,,,,1,1,100802,3,,1,100803,2,,,,,,,,,,,20,,,13310390801,1,,,,,,,,,,,,,,,,,,,,,,,,1,,Q1008Target,70,3,2,2,1,,,,,,,,,,,,,,,,,,,,,,,,,,,,,,,,,10259#10260,,1000,,,,,,
100805,1008,6,,,,2,1,100803,3,,1,100804,3,,,,,,,,,,2,2,100805,,,,2,100898,,,,,,,,,,,,,,,,,,,,,,2,,10260,,3,2,2,,,,1,,,19,3,133103907#1,,,,,,,,,,,,,,,,,,,,,,,,,10259#10260,,1000,,,,,,
100806,1008,7,,,,,1,100805,3,,,,,,,,,,,,,,2,2,100806,,,,2,100897,,,,,,,,,,,,,,,,,,,,,,2,,10259,,3,2,2,,,,1,,,,,,,,,,,,,,,,,,,,,,,,,,,,,,10259#10260#10257,,1000,,,,,,
100807,1008,8,,,,,1,100806,3,,,,,,,,,,,,,,,2,100807,,,,,,,,,,,,,,,,,,,,,,,,,,,2,,10257,,3,2,2,,1,,1,,,19,3,133103908#1,19,3,133103913#1,,,,,,,,,,,,,,,,,,,,,,10259#10260#10257,,1000,,,,,,
100901,1009,1,,,,,1,100205,3,,,,,,,,,,,,,,,4,100901,,,,,,,,,,,,,,,,,,,,,,,,,,,1,,Q100907Tribute,50,3,2,2,1,,,1,,,,,,,,,,,,,,,,,,,,,,,,,,,,,,,,,,,,,,
100915,1009,2,,,,,1,100901,3,,,,,,,,,,,,,,,2,100915,,,,,,,,,,,,,,,,,,,,,,,,,,,,,,,,,,,,,,,,19,3,133101905#2,,,,,,,,,,,,,,,,,,,,,,,,,,,,,,,,,
100902,1009,3,1,,,,1,100915,3,,,,,,,,,,,,,,,2,100902,,,,,,,,,,,,,,,,,,,,,,,,,,,1,,Q100902Clue,25,3,2,2,1,,,1,109410#100088#100015,1#4#2,23,100905,1,,,,,,,,,,,,,,,,,,,,,,,,,,,,,,,,,
100903,1009,4,1,,,,1,100915,3,,,,,,,,,,,,,,,2,100903,,,,,,,,,,,,,,,,,,,,,,,,,,,1,,Q100903Clue,25,3,2,2,1,,,1,109406#110001,1#2,23,100905,1,,,,,,,,,,,,,,,,,,,,,,,,,,,,,,,,,
100904,1009,5,1,,,,1,100915,3,,,,,,,,,,,,,,,2,100904,,,,,,,,,,,,,,,,,,,,,,,,,,,1,,Q100904Clue,25,3,2,2,1,,,1,109411,1,23,100905,1,,,,,,,,,,,,,,,,,,,,,,,,,,,,,,,,,
100905,1009,6,,,1,,1,100915,3,,,,,,,,,,,,,,,24,100905,,,3,,,,,,,,,,,,,,,,,,,,,,,,1,,Q100907Tribute,50,3,2,2,1,,,1,,,23,100906,1,,,,,,,,,,,,,,,,,,,,,,,,,,,,,,,,,
100906,1009,7,,,1,,1,100915,3,,,,,,,,,,,,,,,24,100906,,,1,,,,,,,,,,,,,,,,,,,,,,,,,,,,,,,,,,1,,,,,,,,,,,,,,,,,,,,,,,,,,,,,,,,,,,,,,
100907,1009,8,,,,,1,100906,3,,,,,,,,,,,,,,,20,,,133101914,1,,,,,,,,,,,,,,,,,,,,,,,,,,,,,,,,,,1,,,23,100910,1,19,3,133101906#2,19,3,133101914#1,,,,,,,,,,19,3,133101914#2,,,,,,,,,,,,,,,
100908,1009,9,,,,,1,100906,3,,,,,,,,,,,,,,,20,,,133101915,1,,,,,,,,,,,,,,,,,,,,,,,,,,,,,,,,,,1,,,23,100910,1,19,3,133101907#2,19,3,133101915#1,,,,,,,,,,19,3,133101915#2,,,,,,,,,,,,,,,
100909,1009,10,,,,,1,100906,3,,,,,,,,,,,,,,,20,,,133101916,1,,,,,,,,,,,,,,,,,,,,,,,,,,,,,,,,,,1,,,23,100910,1,19,3,133101908#2,19,3,133101916#1,,,,,,,,,,19,3,133101916#2,,,,,,,,,,,,,,,
100910,1009,11,2,1,,,1,100906,3,,,,,,,,,,,,,,,24,100910,,,3,,,,,,,,,,,,,,,,,,,,,,,,1,,Q100907Tribute,,3,2,2,1,,,1,,,23,100911,1,,,,,,,,,,,,,,,,,,,,,,,,,,,,,,,,,
100911,1009,12,,,1,,1,100906,3,,,,,,,,,,,,,,,24,100911,,,1,,,,,,,,,,,,,,,,,,,,,,,,,,,,,,,,,,1,,,15,3,133101902,19,3,133101905#1,,,,,,,,,,,,,,,,,,,,,,,,,,,,,,
100912,1009,13,,,,,1,100911,3,,,,,,,,,,,,,,,9,1103,187,,,,,,,,,,,,,,,,,,,,,,,,,,1,,Q1009Door,,3,2,2,1,,,1,,,19,3,133101906#1,19,3,133101907#1,19,3,133101908#1,,,,,,,,,,2,3,187,,,,,,,10258,,1000,,,,,,
100913,1009,14,,,1,,1,99902,3,,,,,,,,,,,,,,,2,100913,,,,,,,,,,,,,,,,2,19,1103,,,,10,3,,,,2,,10258,,3,2,2,,,,1,,,,,,,,,,,,14,100912,,,,,,,,,,,,,,,,,,,,,,,,,
100914,1009,15,,,,,1,100912,3,,,,,,,,,,,,,,,2,100914,,,,,,,,,,,,,,,,2,19,1103,,,,10,3,,,,,,,,,,,,1,,1,,,17,3,187,19,3,133101902#2,,,,14,100912,,,,,,,,,,,,,,,,,10258,,1000,,,,,,
101801,1018,1,,,,1,1,100317,3,,1,100807,3,,1,100914,3,,,,,,2,2,100397,,,,2,100396,,,,,,,,,,,,,,,,,,,,,,2,,10200,,3,2,2,,1,,1,,,43,10004,1,23,100403,1,,,,,,,,,,,,,,,,,,,,,,10200,,1000,,,,,,
101001,1010,1,,,,,1,101801,3,,,,,,,,,,,,,,,18,1,,0#24,,,,,,,,,,,,,,,,,,,,,,,,,,,,,,,,,,,1,,,,,,,,,,,,,,,,,,,,,,,,,,,,,,,,,,,,,,
101002,1010,2,,,,,1,101001,3,,,,,,,,,,,,,,,2,101002,,,,,,,,,,,,,,,,,,,,,,,,,,,2,,10235,,1033,2,2,,,,1,,,,,,,,,,,,,,,,,,,,,,,,,,,,,,10235,,1000,,,,,,
101003,1010,3,,1,,,1,101002,3,,,,,,,,,,,,,,,2,101003,,,,,,,,,,,,,,,,,,,,,,,,,,,2,,10200,,3,2,2,,,,1,,,,,,,,,,,,,,,,,,,,,,,,,,,,,,10200#10232#10235#2022#2096,,1000,,,,,,
101004,1010,4,,1,1,,1,99902,3,,,,,,,,,,,,,,,4,101004,,,,,,,,,,,,,,,,,,,,,,,,,,,,,,,,,,,,,,,,,,,,,,,,,,,,,,,,,,,,,,,,,,,10200#10232#2022#2096,,1000,,,,,,
101007,1010,5,,1,1,,1,101003,3,,,,,,,,,,,,,,,17,1034,,,,,,,,,,,,,,,,,,,,,,,,,,,,,,,,,,,,,,,,,,,,,,,,,,,,,,,,,,19,1034,201034902#2,,,,,,,10200#10232,,1000,,,,,,
101008,1010,6,,1,1,,1,101007,3,,,,,,,,,,,,,,,4,101008,,,,,,,,,,,,,,,,,,,,,,,,,,,,,,,,,,,,,,,,,,,,,,,,,,,,,,,,,,,,,,,,,,,10200#10232#2063#2146,,1000,,,,,,
101005,1010,7,,,,,1,101008,3,,,,,,,,,,,,,,,2,101005,,,,,,,,,,,,,,,,,,,,,,,,,,,2,,10232,,1034,2,2,,,,,,,,,,,,,,,,,,,,,,,,,,,,,,,,,,10200#10232#2063#2146,,1000,,,,,,
101006,1010,8,,,,,1,101005,3,,,,,,,,,,,,,,,2,101006,,,,,,,,,,,,,,,,,,,,,,,,,,,2,,10232,,3,2,2,,1,,1,100516,1,19,1034,201034902#1,,,,,,,,,,,,,,,,19,3,133107089#2,,,,,,,10232#2063#2146#2096,,1000,,,,,,
101101,1011,1,,,,,1,101006,3,,,,,,,,,,,,,,,2,101101,,,,,,,,,,,,,,,,,,,,,,,,,,,2,,205401,,3,2,2,,,,1,100515#100520#100521,1#1#1,,,,,,,,,,,,,,,,,,,,,,,,,,,,10232#2054#2047,,1000,,,,,,
101116,1011,2,,,1,,1,101101,3,,,,,,,,,,,,,,,4,101116,,,,,,,,,,,,,,,,,,,,,,,,,,,,,,,,,,,,,1,,,19,3,133001092#2,,,,,,,,,,,,,,,,,,,,,,,,,2054#2047,,,,,,,,
101102,1011,3,,,,,1,101101,3,,,,,,,,,,,,,,,4,101102,,,,,,,,,,,,,,,,,,,,,,,,,,,1,,Q101102Pot,40,3,2,2,,,,,,,,,,,,,,,,,,,,,,,,,,,,,,,,,,2054#2047,,1000,,,,,,
101103,1011,4,,,,,1,101102,3,,,,,,,,,,,,,,,7,133001092,,,,,,,,,,,,,,,,,,,,,,,,,,,1,,Q101102Pot,30,3,2,2,,,,,,,,,,,,,,,,,,,,,,,,,,,,,,,,,,,,,,,,,,
101112,1011,5,,1,,,1,101103,3,,,,,,,,,,,,,,,4,101112,,,,,,,,,,,,,,,,,,,,,,,,,,,1,,Q101102Pot,,3,2,2,,,,1,,,,,,,,,,,,,,,,,,,,,19,3,133001378#1,,,,,,,,,,,,,,,
101104,1011,6,,1,1,,1,101112,3,,,,,,,,,,,,,,,4,101104,,,,,,,,,,,,,,,,,,,,,,,,,,,2,,10232,,3,2,2,,,,,,,15,3,133001377,18,100515:1#100520:1#100521:1,,,,,,,,,,,,,,,,,,,,,,,,,,,,,,,
101128,1011,7,,,1,,1,101112,3,,,,,,,,,,,,,,,4,101128,,,,,,,,,,,,,,,,,,,,,,,,,,,,,,,,,,,,,,,,19,3,133001377#1,,,,,,,,,,,,,,,,,,,,,,,,,,,,,,,,,
101105,1011,8,,1,,1,1,101104,3,,1,101127,2,,,,,,,,,,2,20,,,133001377204,1,24,101127,,1,,,,,,,,,,,,,,,,,,,,1,,Q101102Pot,,3,2,2,,,,,,,,,,,,,,,,,,,,,,,,,,,,,,,,,,,,,,,,,,
101123,1011,9,,,1,1,1,101104,3,,1,101127,2,,,,,,,,,,2,20,,,1330013779011,1,24,101127,,1,,,,,,,,,,,,,,,,,,,,1,,Q101102Pot,30,3,2,2,,,,,,,,,,,,,,,,,,,,,,,,,,,,,,,,,,,,,,,,,,
101113,1011,10,,1,,1,1,101123,3,,1,101127,2,,,,,,,,,,2,20,,,133001377901,1,24,101127,,1,,,,,,,,,,,,,,,,,,,,1,,Q101102Pot,30,3,2,2,,,,,,,,,,,,,,,,,,,,,,,,,,,,,,,,,,,,,,,,,,
101124,1011,11,,,1,1,1,101104,3,,1,101127,2,,,,,,,,,,2,20,,,1330013772011,1,24,101127,,1,,,,,,,,,,,,,,,,,,,,,,,,,,,,,,,,,,,,,,,,,,,,,,,,,,,,,,,,,,,,,,,,,,,,
101114,1011,12,,1,,1,1,101124,3,,1,101127,2,,,,,,,,,,2,20,,,133001377201,1,24,101127,,1,,,,,,,,,,,,,,,,,,,,1,,Q101102Pot,,3,2,2,,,,,,,,,,,,,,,,,,,,,,,,,,,,,,,,,,,,,,,,,,
101125,1011,13,,,1,1,1,101104,3,,1,101127,2,,,,,,,,,,2,20,,,1330013779021,1,24,101127,,1,,,,,,,,,,,,,,,,,,,,,,,,,,,,,,,,,,,,,,,,,,,,,,,,,,,,,,,,,,,,,,,,,,,,
101115,1011,14,,1,,1,1,101125,3,,1,101127,2,,,,,,,,,,2,20,,,133001377902,1,24,101127,,1,,,,,,,,,,,,,,,,,,,,1,,Q101102Pot,30,3,2,2,,,,,,,,,,,,,,,,,,,,,,,,,,,,,,,,,,,,,,,,,,
101126,1011,15,,,1,1,1,101104,3,,1,101127,2,,,,,,,,,,2,20,,,1330013772021,1,24,101127,,1,,,,,,,,,,,,,,,,,,,,,,,,,,,,,,,,,,,,,,,,,,,,,,,,,,,,,,,,,,,,,,,,,,,,
101106,1011,16,,1,,1,1,101126,3,,1,101127,2,,,,,,,,,,2,20,,,133001377202,1,24,101127,,1,,,,,,,,,,,,,,,,,,,,1,,Q101102Pot,,3,2,2,,,,,,,,,,,,,,,,,,,,,,,,,,,,,,,,,,,,,,,,,,
101127,1011,17,,,1,,1,101104,3,,,,,,,,,,,,,,,20,,,1330013772031,1,,,,,,,,,,,,,,8,101127,,,,,,,,,,,,,,,,,,,,,,23,101127,1,19,3,133001378#1,,,,14,101112,,,,,,,,,,,,,,,,,,,,,,,,,
101110,1011,18,,,1,,1,101127,3,,,,,,,,,,,,,,,2,10110711,,,,,,,,,,,,,,,,,,,,,,,,,,,,,,,,,,,,,,,,,,,,,,,,,,,,,,,,,,,,,,,,,,,,,,,,,,,
101111,1011,19,,,1,,1,101127,3,,,,,,,,,,,,,,,2,10110721,,,,,,,,,,,,,,,,,,,,,,,,,,,,,,,,,,,,,,,,,,,,,,,,,,,,,,,,,,,,,,,,,,,,,,,,,,,
101107,1011,20,,,,,1,101127,3,,,,,,,,,,,,,,,2,10110731,,,,,,,,,,,,,,,,,,,,,,,,,,,2,,205401,,3,2,2,,,,1,,,1,100516,1,15,3,133001380,19,3,133001092#1,,,,,,,,,,,,,,,,,,,10232#2054#2047,,1000,,,,,,
101108,1011,21,,,,,1,101107,3,,,,,,,,,,,,,,,25,71700094,,,,,,,,,,,,,,,,,,,,,,,,,,,1,,Q1011Stonemark,,3,2,2,1,,,1,,,15,3,133107089,,,,,,,,,,,,,,,,,,,,,,,,,10232#2054#2047,,1000,,,,,,
101109,1011,22,,,1,,1,101108,3,,,,,,,,,,,,,,,2,101109,,,,,,,,,,,,,,,,,,,,,,,,,,,2,,10232,,3,2,2,,1,,1,,,,,,,,,,,,,,,,,,,,,,,,,,,,,,10232,,1000,,,,,,
101202,1012,1,,,,,1,101109,3,,,,,,,,,,,,,,,2,101202,,,,,,,,,,,,,,,,,,,,,,,,,,,2,,201301,,3,2,2,,,,1,100487#100488#100489,1#1#1,,,,,,,,,,,,,,,,,,,,,,,,,,,,2013#10232,,,,,,,,
101212,1012,2,,,1,,1,101202,3,,,,,,,,,,,,,,,2,101206,,,,,,,,,,,,,,,,,,,,,,,,,,,2,,201301,,3,2,2,,,,,,,,,,,,,,,,,,,,,,,,,,,,,,,,,,2013#10232,,,,,,,,
101203,1012,3,,,,,1,101212,3,,,,,,,,,,,,,,,2,101203,,,,,,,,,,,,,,,,,,,,,,,,,,,2,,201601,,3,2,2,,,,1,,,,,,,,,,,,,,,,,,,,,,,,,,,,,,2013#2016#10232,,,,,,,,
101204,1012,4,,,,,1,101203,3,,,,,,,,,,,,,,,2,101204,,,,,,,,,,,,,,,,,,,,,,,,,,,2,,201501,,3,2,2,,,,1,,,,,,,,,,,,,,,,,,,,,,,,,,,,,,2004#2058#2016#2015#10232#2001,,,,,,,,
101205,1012,5,,,,,1,101204,3,,,,,,,,,,,,,,,2,101205,,,,,,,,,,,,,,,,,,,,,,,,,,,2,,208301,,3,2,2,,,,1,,,,,,,,,,,,,,,,,,,,,,,,,,,,,,2004#2058#2015#2083#10232#2001,,,,,,,,
101213,1012,6,,,,,1,101205,3,,,,,,,,,,,,,,,2,101211,,,,,,,,,,,,,,,,,,,,,,,,,,,2,,208301,,3,2,2,,,,1,,,,,,,,,,,,,,,,,,,,,,,,,,,,,,2083#10232,,,,,,,,
101206,1012,7,,,,,1,101213,3,,,,,,,,,,,,,,,20,,,13310709501,1,,,,,,,,,,,,,,,,,,,,,,,,1,,Q1012Bucket,,3,2,2,,,,1,,,,,,,,,,,,,,,,,,,,,19,3,133107095#2,,,,,,,2083#10232,,,,,,,,
101214,1012,8,,,,,1,101206,3,,,,,,,,,,,,,,,2,101212,,,,,,,,,,,,,,,,,,,,,,,,,,,2,,208301,,3,2,2,,,,1,,,,,,,,,,,,,,,,,,,,,,,,,,,,,,2083#10232,,,,,,,,
101210,1012,9,1,1,,,1,101214,3,,,,,,,,,,,,,,,24,10121001,,,3,,,,,,,,,,,,,,,,,,,,,,,,1,,Q101206Point01,,3,2,1,,,,1,,,23,10120101,1,,,,,,,,,,,,,,,,,,,,,,,,,2083#10232,,,,,,,,
101211,1012,10,,,1,,1,101214,3,,,,,,,,,,,,,,,5,100490,,,,,,,,,,,,,,,,,,,,,,,,,,,,,,,,,,,,,,,,23,10121001,1,,,,,,,,,,,,,,,,,,,,,,,,,,,,,,,,,
101207,1012,11,,,1,,1,101214,3,,,,,,,,,,,,,,,5,100491,,,,,,,,,,,,,,,,,,,,,,,,,,,,,,,,,,,,,,,,23,10121001,1,,,,,,,,,,,,,,,,,,,,,,,,,,,,,,,,,
101208,1012,12,,,1,,1,101214,3,,,,,,,,,,,,,,,5,100492,,,,,,,,,,,,,,,,,,,,,,,,,,,,,,,,,,,,,,,,23,10121001,1,,,,,,,,,,,,,,,,,,,,,,,,,,,,,,,,,
101201,1012,13,,,1,,1,101214,3,,,,,,,,,,,,,,,24,10120101,,,1,,,,,,,,,,,,,,,,,,,,,,,,,,,,,,,,,,1,,,,,,,,,,,,,,,,,,,,,,,,,,,,,,,,,,,,,,
101215,1012,14,,,,,1,101210,3,,,,,,,,,,,,,,,2,101213,,,,,,,,,,,,,,,,,,,,,,,,,,,2,,208301,,3,2,2,,,,1,100497#100498#100499,1#1#1,18,100490:999#100491:999#100492:999,,,,,,,,,,,,,,,,,,,,,,,,,,2083#10232,,,,,,,,
101209,1012,15,,,,,1,101215,3,,,,,,,,,,,,,,,2,101208,,,,,,,,,,,,,,,,,,,,,,,,,,,2,,10232,,3,2,2,,1,,1,,,18,100497:999#100498:999#100499:999,,19,3,133107095#1,,,,,,,,,,,,,,,,,,,,,,10232,,,,,,,,
101401,1014,1,,,,,1,101209,3,,,,,,,,,,,,,,,2,101401,,,,,,,,,,,,,,,,,,,,,,,,,,,2,,209301,,3,2,2,,,,1,,,19,3,133107094#1,,,,,,,,,,,,,,,,19,3,133107094#2,,,,,,,209301#2093,,,,,,,,
101406,1014,2,,1,,,1,101401,3,,,,,,,,,,,,,,,2,101406,,,,,,,,,,,,,,,,,,,,,,,,,,,1,,Q101402Pot,,3,2,2,,,,1,,,1,100501,1,,,,,,,,,,,,,,,,1,100501,1,,,,,,,209301#2093,,,,,,,,
101402,1014,3,,1,,,1,101406,3,,,,,,,,,,,,,,,9,11,175,,,,,,,,,,,,,,,2,19,11,,,,,,,,,,,,,,,,,,,1,,,,,,,,,,,,14,101406,,,,,,,,,,,,,,,,,,,,,,,,,
101405,1014,4,,1,1,,1,101402,3,,,,,,,,,,,,,,,25,71700099,,,,,,,,,,,,,,,,2,19,11,,,,,,,,,,,,,,,,,,,1,100501,1,15,1017,201017016,,,,,,,14,101406,,,,,,,,,,,,,,,,,,,,,,,,,
101408,1014,5,,1,1,,1,101405,3,,,,,,,,,,,,,,,20,,,101408,,,,,,,,,,,,,,2,19,11,,,,,,,,,,,,,,,,,,,1,,,,,,,,,,,,14,101406,,,,,,,,,,,,,,,,,,,,,,,,,
101403,1014,6,,,,,1,101408,3,,,,,,,,,,,,,,,2,101403,,,,,,,,,,,,,,,,,,,,,,,,,,,2,,209301,,3,2,2,,,,1,,,17,3,175,19,3,133107094#1,,,,,,,,,,,,,19,3,133107094#2,,,,,,,209301#2093,,,,,,,,
101404,1014,7,,1,,,1,101403,3,,,,,,,,,,,,,,,4,101404,,,,,,,,,,,,,,,,,,,,,,,,,,,2,,10232,,3,2,2,,,,1,,,15,3,133107089,,,,,,,,,,,,,,,,,,,,,,,,,10232,,,,,,,,
101407,1014,8,,1,1,,1,101404,3,,,,,,,,,,,,,,,2,101404,,,,,,,,,,,,,,,,,,,,,,,,,,,2,,10232,,3,2,2,,1,,,,,1,100501,1,,,,,,,,,,,,,,,,,,,,,,,,,10232,,,,,,,,
101301,1013,1,,,,,1,101407,3,,,,,,,,,,,,,,,2,101301,,,,,,,,,,,,,,,,,,,,,,,,,,,2,,209201,,3,2,2,,,,1,100496,50000,,,,,,,,,,,,,,,,,,,,,,,,,,,,2092#2098#2099#10200#10232,,1000,,,,,,
101302,1013,2,,,,,1,99902,3,,,,,,,,,,,,,,,2,101302,,,,,,,,,,,,,,,,,,,,,,,,,,,2,,10200,,3,2,2,,,,1,,,,,,,,,,,,,,,,,,,,,,,,,,,,,,,,,,,,,,
101303,1013,3,,1,1,,1,101301,3,,,,,,,,,,,,,,,124,1,,,,,,,,,,,,,,,,2,125,1,,,,126,1,,,,2,,10248,,3,2,2,,,,1,,,23,101315,1,42,1,,23,101321,1,42,1,,23,101321,1,,,,,,,,,,,,,,,,,,,,,
101321,1013,4,4,1,,,1,101301,3,,,,,,,,,,,,,,,24,101321,,,1,,,,,,,,,,,,,,,,,,,,,,,,2,,10248,,3,2,2,,,,1,,,,,,,,,,,,,,,,,,,,,,,,,,,,,,10248#10232,,1000,,,,,,
101304,1013,5,,1,,,1,101303,4,,,,,,,,,,,,,,2,2,101304,,,,2,101396,,,,,,,,,,,,2,101305,,,,,,,,,2,,10248,,3,2,2,,,,1,,,23,101315,1,1,100496,20000,,,,29,100496,,,,,,,,,,,,,,,,,10248#10232,,1000,,,,,,
101305,1013,6,1,1,,,1,101304,4,,,,,,,,,,,,,,,5,100031,,,1,,,,,,,,,,,,,,,,,,,,,,,,,,,,,,,,,,1,,,,,,,,,,,,,,,,,,,,,,,,,,,,,,10248#10232,,1000,,,,,,
101306,1013,7,,1,,,1,101305,3,,,,,,,,,,,,,,,2,101393,,,,,,,,,,,,,,,,,,,,,,,,,,,2,,10248,,3,2,2,,,,1,,,23,101315,1,1,100031,1,,,,,,,,,,,,,,,,,,,,,,10248#10232,,1000,,,,,,
101307,1013,8,,1,1,,1,101301,3,,,,,,,,,,,,,,,124,2,,,,,,,,,,,,,,,,2,125,2,,,,126,2,,,,2,,10249,,3,2,2,,,,1,,,23,101315,1,42,2,,23,101322,1,42,2,,23,101322,1,,,,,,,,,,,,,,,,,,,,,
101322,1013,9,4,1,,,1,101301,3,,,,,,,,,,,,,,,24,101322,,,1,,,,,,,,,,,,,,,,,,,,,,,,2,,10249,,3,2,2,,,,1,,,,,,,,,,,,,,,,,,,,,,,,,,,,,,10249#10232,,1000,,,,,,
101308,1013,10,,1,,,1,101307,4,,,,,,,,,,,,,,2,2,101308,,,,2,101389,,,,,,,,,,,,2,101309,,,,,,,,,2,,10249,,3,2,2,,,,1,,,23,101315,1,1,100496,25000,,,,29,100496,,,,,,,,,,,,,,,,,10249#10232,,1000,,,,,,
101309,1013,11,2,1,,,1,101308,4,,,,,,,,,,,,,,,5,100026,,,1,,,,,,,,,,,,,,,,,,,,,,,,,,,,,,,,,,1,,,,,,,,,,,,,,,,,,,,,,,,,,,,,,10249#10232,,1000,,,,,,
101310,1013,12,,1,,,1,101309,3,,,,,,,,,,,,,,,2,101386,,,,,,,,,,,,,,,,,,,,,,,,,,,2,,10249,,3,2,2,,,,1,,,23,101315,1,1,100026,1,,,,,,,,,,,,,,,,,,,,,,10249#10232,,1000,,,,,,
101311,1013,13,,1,1,,1,101301,3,,,,,,,,,,,,,,,124,3,,,,,,,,,,,,,,,,2,125,3,,,,126,3,,,,2,,10250,,3,2,2,,,,1,,,23,101315,1,42,3,,23,101323,1,42,3,,23,101323,1,,,,,,,,,,,,,,,,,,,,,
101323,1013,14,4,1,,,1,101301,3,,,,,,,,,,,,,,,24,101323,,,1,,,,,,,,,,,,,,,,,,,,,,,,2,,10250,,3,2,2,,,,1,,,,,,,,,,,,,,,,,,,,,,,,,,,,,,10250#10232,,1000,,,,,,
101312,1013,15,,1,,,1,101311,4,,,,,,,,,,,,,,2,2,101312,,,,2,101382,,,,,,,,,,,,2,101313,,,,,,,,,2,,10250,,3,2,2,,,,1,,,23,101315,1,1,100496,15000,,,,29,100496,,,,,,,,,,,,,,,,,10250#10232,,1000,,,,,,
101313,1013,16,3,1,,,1,101312,4,,,,,,,,,,,,,,,5,101001,,,1,,,,,,,,,,,,,,,,,,,,,,,,,,,,,,,,,,1,,,,,,,,,,,,,,,,,,,,,,,,,,,,,,10250#10232,,1000,,,,,,
101314,1013,17,,1,,,1,101313,3,,,,,,,,,,,,,,,2,101379,,,,,,,,,,,,,,,,,,,,,,,,,,,2,,10250,,3,2,2,,,,1,,,23,101315,1,1,101001,1,,,,,,,,,,,,,,,,,,,,,,10250#10232,,1000,,,,,,
101315,1013,18,,1,1,,1,101301,3,,,,,,,,,,,,,,,24,101315,,,3,,,,,,,,,,,,,,,,,,,,,,,,,,,,,,,,,,1,,,23,101316,1,,,,,,,,,,,,,,,,,,,,,,,,,,,,,,,,,
101316,1013,19,,1,1,,1,101301,3,,,,,,,,,,,,,,,24,101316,,,1,,,,,,,,,,,,,,,,,,,,,,,,,,,,,,,,,,1,,,,,,,,,,,,,,,,,,,,,41,1,,41,2,,41,3,,,,,,,,,,
101317,1013,20,,,1,2,1,101303,3,,1,101303,4,,,,,,,,,,,4,101317,,,,,,,,,,,,,,,,,,,,,,,,,,,,,,,,,,,,,,,,42,1,,,,,,,,,,,,,,,,,,,,,,,,,,,,,,,,,,
101318,1013,21,,,1,2,1,101307,3,,1,101307,4,,,,,,,,,,,4,101318,,,,,,,,,,,,,,,,,,,,,,,,,,,,,,,,,,,,,,,,42,2,,,,,,,,,,,,,,,,,,,,,,,,,,,,,,,,,,
101319,1013,22,,,1,2,1,101311,3,,1,101311,4,,,,,,,,,,,4,101319,,,,,,,,,,,,,,,,,,,,,,,,,,,,,,,,,,,,,,,,42,3,,,,,,,,,,,,,,,,,,,,,,,,,,,,,,,,,,
101320,1013,23,,,,,1,101316,3,,,,,,,,,,,,,,,2,101317,,,,,,,,,,,,,,,,,,,,,,,,,,,2,,10200,,3,2,2,,1,,1,,,,,,,,,,,,,,,,,,,,,,,,,,,,,,2058#10200#10232,,1000,,,,,,
101501,1015,1,,1,,,1,101320,3,,,,,,,,,,,,,,,4,101501,,,,,,,,,,,,,,,,,,,,,,,,,,,2,,10233,,3,2,2,,,,1,,,,,,,,,,,,,,,,,,,,,,,,,,,,,,10233#2103#2068,,,,,,,,
101513,1015,2,,1,1,,1,101501,3,,,,,,,,,,,,,,,2,101513,,,,,,,,,,,,,,,,,,,,,,,,,,,2,,10233,,3,2,2,,,,,,,,,,,,,,,,,,,,,,,,,,,,,,,,,,,,,,,,,,
101516,1015,3,,1,1,,1,99902,3,,,,,,,,,,,,,,,4,101516,,,,,,,,,,,,,,,,,,,,,,,,,,,2,,10233,,3,2,2,,,,1,,,,,,,,,,,,,,,,,,,,,,,,,,,,,,,,,,,,,,
101509,1015,3,,,,,1,101513,3,,,,,,,,,,,,,,,2,101509,,,,,,,,,,,,,,,,,,,,,,,,,,,2,,10233,,3,2,2,,,,1,,,,,,,,,,,,,,,,,,,,,,,,,,,,,,2103#2068#10233#10232,,,,,,,,
101502,1015,4,,,,,1,101509,3,,,,,,,,,,,,,,,4,101502,,,,,,,,,,,,,,,,,,,,,,,,,,,1,,Q101503Trigger,40,3,2,2,,,,1,,,,,,,,,,,,,,,,,,,,,,,,,,,,,,,,,,,,,,
101508,1015,5,,1,,,1,101502,3,,,,,,,,,,,,,,,25,71700100,,,,,,,,,,,,,,,,,,,,,,,,,,,1,,Q101402Machine,25,3,2,2,,,,1,,,,,,,,,,,,,,,,,,,,,,,,,,,,,,,,,,,,,,
101503,1015,6,,1,1,,1,101508,3,,,,,,,,,,,,,,,2,101503,,,,,,,,,,,,,,,,,,,,,,,,,,,,,,,,,,,,,,,,,,,,,,,,,,,,,,,,,,,,,,,,,,,,,,,,,,,
101504,1015,7,,,,,1,101503,3,,,,,,,,,,,,,,,25,71700102,,,,,,,,,,,,,,,,,,,,,,,,,,,1,,Q101504Pos,35,3,2,2,,,,1,100502#100523,1#1,19,3,133107079#1,,,,,,,,,,,,,,,,19,3,133107079#2,,,,,,,,,,,,,,,
101505,1015,8,,,,,1,101504,3,,,,,,,,,,,,,,,25,71700107,,,,,,,,,,,,,,,,,,,,,,,,,,,1,,Q101402Machine,25,3,2,2,,,,1,,,19,3,133107080#1,1,100502,1,1,100523,1,,,,,,,,,,,,,,,,,,,,,,,,,,,
101506,1015,9,,1,1,,1,101505,3,,,,,,,,,,,,,,,4,101506,,,,,,,,,,,,,,,,,,,,,,,,,,,1,,Q101402Machine,,3,2,2,,,,,,,19,3,133107092#2,,,,,,,,,,,,,,,,,,,,,,,,,,,,,,,,,
101515,1015,10,,1,1,,1,101506,3,,,,,,,,,,,,,,,2,101506,,,,,,,,,,,,,,,,,,,,,,,,,,,1,,Q101402Machine,,3,2,2,,,,,,,,,,,,,,,,,,,,,,,,,19,3,133107092#2,,,,,,,,,,,,,,,
101510,1015,11,,1,,,1,101515,3,,,,,,,,,,,,,,,20,,,10151001,1,,,,,,,,,,,,,2,8,101510,,,,21,,,,,1,,Q101504Guild,35,3,2,2,,,,1,,,19,3,133107080#1,,,,,,,19,3,133107080#1,,,,14,101505,,19,3,133107080#2,,,,,,,,,,,,,,,
101514,1015,12,,1,1,,1,101510,3,,,,,,,,,,,,,,,2,101514,,,,,,,,,,,,,,,,,,,,,,,,,,,2,,10233,,3,2,2,,,,1,,,,,,,,,,,,,,,,,,,,,,,,,,,,,,,,,,,,,,
101507,1015,13,,,,,1,101514,3,,,,,,,,,,,,,,,2,101507,,,,,,,,,,,,,,,,,,,,,,,,,,,2,,10233,,3,2,2,,,,1,100522,1,,,,,,,,,,,,,,,,,,,,,,,,,,,,10233#10232#10234#10235#10200#2103#2068,,,,,,,,
101511,1015,14,,1,,,1,101507,3,,,,,,,,,,,,,,,4,101511,,,,,,,,,,,,,,,,,,,,,,,,,,,2,,10232,,3,2,2,,,,1,,,15,3,133107089,,,,,,,,,,,,,,,,,,,,,,,,,10232#10234,,,,,,,,
101512,1015,15,,1,1,,1,101511,3,,,,,,,,,,,,,,,2,101511,,,,,,,,,,,,,,,,,,,,,,,,,,,2,,10232,,3,2,2,,1,,,,,1,100522,1,,,,,,,,,,,,,,,,19,3,133107918#2,,,,,,,10232,,,,,,,,
101604,1016,1,,,,,1,101512,3,,,,,,,,,,,,,,,18,0,,18#23,,,,,,,,,,,,,,,,,,,,,,,,,,,,,,,,,,,1,,,,,,,,,,,,,,,,,,,,,,,,,,,,,,1015#10232#2148,,,,,,,,
101605,1016,2,,,1,,1,101604,3,,,,,,,,,,,,,,,4,101605,,,,,,,,,,,,,,,,,8,101605,,,,,,,,,2,,10232,,3,2,2,,,,1,,,,,,,,,,,,,,,,,,,,,,,,,,,,,,,,,,,,,,
101601,1016,3,,,,2,1,101605,3,,1,101605,4,,,,,,,,,,,4,101601,,,,,,,,,,,,,,,,,18,0,,23#18,,,,,,,2,,10232,,3,2,2,,,,1,,,,,,,,,,,,14,101604,,19,3,133107087#1,,,,19,3,133107087#2,10,0,,,,,1015#10232#2148,,,,,,,,
101608,1016,4,,,,,1,101601,3,,,,,,,,,,,,,,,4,101608,,,,,,,,,,,,,,,,,18,0,,23#18,,,,,,,1,,Q1016Sit,,3,2,2,,,,,,,15,3,133107087,,,,,,,14,101604,,19,3,133107087#1,15,3,133107087,15,3,133107087,,,,,,,1015#10232#2148,,,,,,,,
101609,1016,5,,1,1,,1,101608,3,,,,,,,,,,,,,,,2,101601,,,,,,,,,,,,,,,,,,,,,,,,,,,2,,10232,,3,2,2,,,,,,,43,10005,1,,,,,,,,,,,,,,,,,,,,,,,,,1015#10232#2148,,,,,,,,
101606,1016,6,,,1,,1,101608,3,,,,,,,,,,,,,,,4,101606,,,,,,,,,,,,,,,,,,,,,,,,,,,2,,10232,,3,2,2,,,,,,,,,,,,,,,,,,,,,,,,,,,,,,,,,,,,,,,,,,
101607,1016,7,,,1,,1,101606,3,,,,,,,,,,,,,,,2,101601,,,,,,,,,,,,,,,,,,,,,,,,,,,2,,10232,,3,2,2,,,,,,,10,0,,,,,,,,,,,,,,,,,10,1,,,,,,,,,,,,,,,,
101602,1016,8,,1,1,,1,99902,3,,,,,,,,,,,,,,,4,101602,,,,,,,,,,,,,,,,,,,,,,,,,,,2,,10232,,3,2,2,,,,,,,,,,,,,,,,,,,,,,,,,,,,,,,,,,,,,,,,,,
101603,1016,9,,1,1,,1,99902,3,,,,,,,,,,,,,,,4,101602,,,,,,,,,,,,,,,,,,,,,,,,,,,2,,10232,,3,2,2,,,,,,,19,3,133107087#1,,,,,,,,,,,,,,,,,,,,,,,,,,,,,,,,,
101610,1016,10,,1,1,,1,101609,3,,,,,,,,,,,,,,,2,101610,,,,,,,,,,,,,,,,,,,,,,,,,,,2,,10232,,3,2,2,,1,,,,,,,,,,,,,,,,,,,,,,,,,,,,,,,,1015#10232#2148,,,,,,,,
101701,1017,1,,,1,,1,101109,3,,,,,,,,,,,,,,,4,101701,,,,,,,,,,,,,,,,,,,,,,,,,,,,,,,,,,,,,1,,,,,,,,,,,,,,,,,,,,,,,,,,,,,,,,,,,,,,
101702,1017,2,,,1,,1,101512,3,,,,,,,,,,,,,,,4,101702,,,,,,,,,,,,,,,,,,,,,,,,,,,,,,,,,,,,,1,,,,,,,,,,,,,,,,,,,,,,,,,,,,,,,,,,,,,,
101703,1017,3,,,1,,1,101512,3,,,,,,,,,,,,,,,4,101703,,,,,,,,,,,,,,,,,,,,,,,,,,,,,,,,,,,,,1,,,,,,,,,,,,,,,,,,,,,,,,,,,,,,,,,,,,,,
101704,1017,4,,,1,,1,101407,3,,,,,,,,,,,,,,,4,101704,,,,,,,,,,,,,,,,,,,,,,,,,,,,,,,,,,,,,1,,,,,,,,,,,,,,,,,,,,,,,,,,,,,,,,,,,,,,
101705,1017,5,,,1,,1,101407,3,,,,,,,,,,,,,,,4,101705,,,,,,,,,,,,,,,,,,,,,,,,,,,,,,,,,,,1,,1,,,,,,,,,,,,,,,,,,,,,,,,,,,,,,,,,,,,,,
102001,1020,1,,,,,1,101610,3,,,,,,,,,,,,,,,2,102001,,,,,,,,,,,,,,,,,,,,,,,,,,,1,,Q102001Paimon,40,3,2,2,,,,1,,,,,,,,,,,,,,,,,,,,,,,,,,,,,,,,,,,,,,
102002,1020,2,,,,,1,102001,3,,,,,,,,,,,,,,,2,102002,,,,,,,,,,,,,,,,,,,,,,,,,,,1,,Q102003Guild,,3,2,2,,,,1,,,,,,,,,,,,,,,,,,,,,19,3,133107089#1,19,3,133107918#1,,,,,,,,,,,,
102003,1020,3,,,,,1,102002,3,,,,,,,,,,,,,,,4,102003,,,,,,,,,,,,,,,,,,,,,,,,,,,1,,Q102007born,,3,4,2,,,,1,,,,,,,,,,,,,,,,,,,,,,,,,,,,,,,,,,,,,,
102007,1020,4,,1,1,,1,102003,3,,,,,,,,,,,,,,,2,102007,,,,,,,,,,,,,,,,,,,,,,,,,,,,,,,,,,,,,1,,,,,,,,,,,,,,,,,,,,,,,,,,,,,,,,,,,,,,
102004,1020,5,,1,,,1,102007,3,,,,,,,,,,,,,,,2,102004,,,,,,,,,,,,,,,,,,,,,,,,,,,1,,Q101503Trigger,30,3,2,2,,,,1,,,,,,,,,,,,,,,,,,,,,,,,,,,,,,,,,,,,,,
102005,1020,6,,1,,,1,102004,3,,,,,,,,,,,,,,,20,,,10200501,1,,,,,,,,,,,,,2,8,102005,,,,21,,,,,1,,Q101503Trigger,30,3,2,2,,,,1,,,19,3,133107108#1,,,,,,,19,3,133107108#1,,,,14,102004,,19,3,133107108#2,,,,,,,,,,,,,,,
102006,1020,7,,1,1,,1,102005,3,,,,,,,,,,,,,,,2,102006,,,,,,,,,,,,,,,,,,,,,,,,,,,1,,Q101503Trigger,30,3,2,2,,1,,1,,,,,,,,,,,,,,,,,,,,,,,,,,,,,,1016,,,,,,,,
102109,1021,1,1,1,,,1,102006,3,,,,,,,,,,,,,,,7,133107923,,,,,,,,,,,,,,,,,,,,,,,,,,,1,,Q102105Guild,20,3,2,2,,,,1,100547,1,19,3,133107923#1,,,,,,,,,,,,,,,,19,3,133107923#2,,,,,,,,,,,,,,,
102110,1021,2,1,1,,,1,102006,3,,,,,,,,,,,,,,,25,70710141,,,,,,,,,,,,,,,,,,,,,,,,,,,1,,Q102110flower,,3,2,2,,,,1,100548,1,,,,,,,,,,,,,,,,,,,,,,,,,,,,,,,,,,,,
102101,1021,3,1,1,,,1,102006,3,,,,,,,,,,,,,,,2,102102,,,,,,,,,,,,,,,,,,,,,,,,,,,,,,,,,,,,,1,,,,,,,,,,,,,,,,,,,,,19,3,133107922#3,19,3,133106128#2,19,3,133106125#2,,,,,,,,,
102102,1021,4,,1,,,1,102101,3,,,,,,,,,,,,,,,7,133107922,,,,,,,,,,,,,,,,,,,,,,,,,,,1,,Q102101Guild,30,3,2,2,,,,1,100604,1,,,,,,,,,,,,,,,,,,,19,3,133107922#2,,,,,,,10287,,,,,,,,
102107,1021,5,,1,,,1,102102,3,,,,,,,,,,,,,,,20,,,10210201,1,,,,,,,,,,,,,,,,,,,,,,,,1,,Q102101Guild,30,3,2,2,,,,1,,,,,,,,,,,,,,,,,,,,,,,,,,,,,,10287,,,,,,,,
102108,1021,6,,1,,,1,102107,3,,,,,,,,,,,,,,,2,102108,,,,,,,,,,,,,,,,,,,,,,,,,,,1,,Q102101Guild,30,3,2,2,,,,1,,,,,,,,,,,,,,,,,,,,,,,,,,,,,,10287,,,,,,,,
102111,1021,7,,,,1,1,102109,3,,1,102110,3,,1,102108,3,,,,,,,2,102111,,,,,,,,,,,,,,,,,,,,,,,,,,,2,,2020,,3,2,2,,,,1,100605,1,19,3,133107922#1,18,100604:1#100547:1#100548:1,,,,,,,,,,,,,,,,,,,,,,,2020#2057#2096,,,,,,,,
102103,1021,8,,,,,1,102111,3,,,,,,,,,,,,,,,2,102103,,,,,,,,,,,,,,,,,,,,,,,,,,,2,,2456,,3,2,2,,,,1,,,,,,,,,,,,,,,,,,,,,19,3,133106128#1,19,3,133106125#1,,,,2456,,,,,,,,
102104,1021,9,,1,1,,1,102103,3,,,,,,,,,,,,,,,2,102104,,,,,,,,,,,,,,,,,,,,,,,,,,,2,,10211,,3,2,2,,,,1,,,1,100605,1,,,,,,,,,,,,,,,,,,,,,,,,,10211,,,,,,,,
102113,1021,10,,,,,1,102104,3,,,,,,,,,,,,,,,2,102113,,,,,,,,,,,,,,,,,,,,,,,,,,,2,,10211,,3,2,2,,,,1,,,,,,,,,,,,,,,,,,,,,,,,,,,,,,10211#2142#2143#2140,,,,,,,,
102105,1021,11,,,,,1,102113,3,,,,,,,,,,,,,,,17,1057,,,,,,,,,,,,,,,,,,,,,,,,,,,1,,Q102105Guild,,1057,2,2,,,,1,,,,,,,,,,,,,,,,,,,,,19,1057,201057001#2,,,,,,,10211#2142#2143#2140,,,,,,,,
102106,1021,12,,,,,1,102105,3,,,,,,,,,,,,,,,2,102106,,,,,,,,,,,,,,,,,,,,,,,,,,,2,,10211,,1057,2,2,,,,1,,,,,,,,,,,,,,,,,,,,,,,,,,,,,,10211#2142#2143#2140,,,,,,,,
102112,1021,13,,,,,1,102106,3,,,,,,,,,,,,,,,2,102112,,,,,,,,,,,,,,,,,,,,,,,,,,,2,,10301,,1057,2,2,,1,,1,,,19,1057,201057001#1,19,1057,201057902#1,,,,,,,,,,,,,19,1057,201057902#2,,,,,,,10211#2142#2143#2140,,,,,,,,
102201,1022,1,,,,,1,102112,3,,,,,,,,,,,,,,,4,102201,,,,,,,,,,,,,,,,,,,,,,,,,,,1,,Q102201guild,30,3,2,2,,,,1,,,,,,,,,,,,,,,,,,,,,19,3,133107109#2,19,3,133104246#2,,,,,,,,,,,,
102202,1022,2,,,,,1,102201,3,,,,,,,,,,,,,,,2,102202,,,,,,,,,,,,,,,,,,,,,,,,,,,2,,10261,,3,2,2,,,,1,,,19,3,133104246#1,,,,,,,,,,,,,,,,,,,,,,,,,,,,,,,,,
102203,1022,3,,,,,1,102202,3,,,,,,,,,,,,,,,2,102203,,,,,,,,,,,,,,,,,,,,,,,,,,,2,,10232,,3,2,2,,,,1,,,19,3,133107109#1,,,,,,,,,,,,,,,,,,,,,,,,,10232,,,,,,,,
102204,1022,4,,1,,,1,102203,3,,,,,,,,,,,,,,,2,102204,,,,,,,,,,,,,,,,,,,,,,,,,,,1,,Q102204Lily,,3,4,2,,,,1,,,,,,,,,,,,,,,,,,,,,,,,,,,,,,10232,,,,,,,,
102205,1022,5,,1,,,1,102204,3,,,,,,,,,,,,,,,7,133104626,,,,,,,,,,,,,,,,2,8,102205,,,,21,,,,,1,,Q102204Lily,20,3,2,2,,,,1,,,19,3,133104626#1,,,,,,,19,3,133104626#1,,,,14,102204,,19,3,133104626#2,,,,,,,,,,,,,,,
102206,1022,6,,1,1,,1,102205,3,,,,,,,,,,,,,,,2,102206,,,,,,,,,,,,,,,,,,,,,,,,,,,,,,,,,,,,,1,100606,1,,,,,,,,,,,,,,,,,,,,,,,,,,,,10232#1015,,,,,,,,
102207,1022,7,,,,,1,102206,3,,,,,,,,,,,,,,,4,102207,,,,,,,,,,,,,,,,,,,,,,,,,,,2,,10272,20,3,2,2,,,,1,,,,,,,,,,,,,,,,,,,,,19,3,133107929#2,,,,,,,2100#2101,,,,,,,,
102208,1022,8,,,,,1,102207,3,,,,,,,,,,,,,,,2,102208,,,,,,,,,,,,,,,,,,,,,,,,,,,2,,10272,20,3,2,2,,1,,1,,,,,,,,,,,,,,,,,,,,,,,,,,,,,,2100#2101,,,,,,,,
102301,1023,1,,,,,1,102208,3,,,,,,,,,,,,,,,9,101,183,,,,,,,,,,,,,,,,,,,,,,,,,,1,,Q102301Guild,,3,2,2,,,,1,,,19,3,133107929#1,,,,,,,,,,,,,,,,2,3,183,,,,,,,10200#2458#2459#2094#2460#2461,,,,,,,,
102303,1023,2,,1,1,,1,102301,3,,,,,,,,,,,,,,,2,102303,,,,,,,,,,,,,,,,2,19,101,,,,,,,,,,,,,,,,,,,1,,,,,,,,,,,,14,102301,,,,,,,,,,,,,,,,,10200#2458#2459#2094#2460#2461,,,,,,,,
102302,1023,3,,1,,,1,102303,3,,,,,,,,,,,,,,,2,102302,,,,,,,,,,,,,,,,2,19,101,,,,,,,,,2,,10261,,20101,4,2,,,,1,,,15,20101,220101001,,,,,,,14,102301,,,,,,,,,,,,,,,,,10200#2458#2459#2094#2460#2461,,,,,,,,
102304,1023,4,,1,,,1,102302,3,,,,,,,,,,,,,,,20,,,10230401,1,,,,,,,,,,,,,2,19,101,,,,,,,,,,,,,,,,,,,1,,,,,,,,,,,,14,102301,,,,,,,,,,,,,,,,,10200#2458#2459#2094#2460#2461,,,,,,,,
102305,1023,5,,1,1,,1,102304,3,,,,,,,,,,,,,,,2,102305,,,,,,,,,,,,,,,,2,19,101,,,,,,,,,,,,,,,,,1,,1,,,43,10009,1,17,3,183,,,,14,102301,,,,,,,,,,,,,,,,,10200#2458#2459#2094#2460#2461,,,,,,,,
102306,1023,6,,1,1,,1,99902,3,,,,,,,,,,,,,,,4,,,,,,,,,,,,,,,,,,,,,,,,,,,,,,,,,,,,,,1,,,,,,,,,,,,,,,,,,,,,,,,,,,,,,10200#2458#2459#2094#2460#2461,,,,,,,,
102307,1023,7,,1,,,1,99902,3,,,,,,,,,,,,,,,4,,,,,,,,,,,,,,,,,,,,,,,,,,,,,,,,,,,,,,1,,,,,,,,,,,,,,,,,,,,,,,,,,,,,,,,,,,,,,
102407,1024,1,,1,1,,44,10009,2,,,,,,,,,,,,,,,10,3,,,,,,,,,,,,,,,,,,,,,,,,,,,,,,,,,,,,,1,,,,,,,,,,,,,,,,,,,,,,,,,,,,,,,,,,,,,,
102408,1024,2,,1,,,1,102407,3,,,,,,,,,,,,,,,2,102408,,,,,,,,,,,,,,,,,,,,,,,,,,,2,,2456,,3,2,2,,,,1,,,43,10009,1,,,,,,,,,,,,,,,,,,,,,,,,,,,,,,,,,
102401,1024,3,,1,1,,44,10009,1,,,,,,,,,,,,,,,9,102,185,,,,,,,,,,,,,,,2,19,102,,,,10,3,,,,,,,,,,,,,,,,,,,,,,,,,,43,10009,2,14,102407,,,,,43,10009,5,,,,,,,,,,,,,,,
102402,1024,4,,1,1,,1,102401,3,,,,,,,,,,,,,,,2,102402,,,,,,,,,,,,,,,,2,19,102,,,,10,3,,,,,,,,,,,,,,1,,,15,1051,201051002,,,,,,,43,10009,2,14,102407,,,,,43,10009,0,,,,,,,,,,,,,,,
102403,1024,3,,1,1,,1,99902,3,,,,,,,,,,,,,,,4,,,,,,,,,,,,,,,,,2,19,102,,,,,,,,,,,,,,,,,,,1,,,,,,,,,,,,,,,,,,,,,,,,,,,,,,,,,,,,,,
102404,1024,5,,1,,,1,102402,3,,,,,,,,,,,,,,,20,,,20105100301,1,,,,,,,,,,,,,2,19,102,,,,10,3,,,,,,,,,,,,,,1,,,,,,,,,,,,43,10009,2,14,102407,,,,,,,,,,,,,,,,,,,,,,
102405,1024,6,,1,1,,1,102404,3,,,,,,,,,,,,,,,4,,,,,,,,,,,,,,,,,,,,,,,,,,,,,,,,,,,,1,,1,,,43,10008,1,57,3,102,,,,,,,,,,,,,,,,,,,,,,,,,,,,,,
102406,1024,6,,1,,,1,99902,3,,,,,,,,,,,,,,,4,,,,,,,,,,,,,,,,,,,,,,,,,,,,,,,,,,,,,,1,,,,,,,,,,,,,,,,,,,,,,,,,,,,,,,,,,,,,,
102501,1025,1,,1,1,,1,102405,3,,,,,,,,,,,,,,,10,3,,,,,,,,,,,,,,,,,,,,,,,,,,,,,,,,,,,,,1,,,,,,,,,,,,,,,,,,,,,,,,,,,,,,1016#10211#1015#10204#2093#10284#10285#10286#2025,,,,,,,,
102516,1025,2,,1,1,,1,102501,3,,,,,,,,,,,,,,,2,102516,,,,,,,,,,,,,,,,,,,,,,,,,,,,,,,,,,,,,1,,,,,,,,,,,,,,,,,,,,,,,,,,,,,,1016#10211#1015#10204#2093#10284#10285#10286#2025,,,,,,,,
102515,1025,3,,,,,1,102516,3,,,,,,,,,,,,,,,2,102515,,,,,,,,,,,,,,,,,,,,,,,,,,,2,,208401,,3,2,2,,,,1,,,,,,,,,,,,,,,,,,,,,,,,2,3,218,,,,2084,,,,,,,,
102521,1025,4,,,,,1,102515,3,,,,,,,,,,,,,,,17,1033,,,,,,,,,,,,,,,,,,,,,,,,,,,1,,Q102502Paimon,,1033,2,2,,,,1,,,,,,,,,,,,,,,,,,,,,,,,,,,,,,2144#2067#2145#2084,,,,,,,,
102502,1025,5,,1,1,,1,102521,3,,,,,,,,,,,,,,,2,102502,,,,,,,,,,,,,,,,,,,,,,,,,,,2,,10200,,1033,2,2,,,,1,,,,,,,,,,,,,,,,,,,,,,,,,,,,,,10200#1017#2144#2067#2145#2084,,,,,,,,
102517,1025,6,,,,,1,102502,3,,,,,,,,,,,,,,,10,3,,,,,,,,,,,,,,,,,,,,,,,,,,,1,,Q102503DJ,,3,2,2,,,,1,,,1,100606,1,,,,,,,,,,,,,,,,,,,,,,,,,2144#2067#2145,,,,,,,,
102503,1025,7,1,1,,,1,102517,3,,,,,,,,,,,,,,,2,102503,,,,,,,,,,,,,,,,,,,,,,,,,,,2,,205501,,3,2,2,,,,1,,,23,10251101,1,,,,,,,,,,,,,,,,,,,,,,,,,2055#2038,,,,,,,,
102504,1025,8,1,1,,,1,102517,3,,,,,,,,,,,,,,,2,102504,,,,,,,,,,,,,,,,,,,,,,,,,,,2,,203401,,3,2,2,,,,1,,,23,10251101,1,,,,,,,,,,,,,,,,,,,,,,,,,2034#2035,,,,,,,,
102511,1025,9,,1,1,,1,102517,3,,,,,,,,,,,,,,,24,10251101,,,2,,,,,,,,,,,,,,,,,,,,,,,,,,,,,,,,,,1,,,23,10251201,1,,,,,,,,,,,,,,,,,,,,,,,,,,,,,,,,,
102512,1025,10,,1,1,,1,102517,3,,,,,,,,,,,,,,,24,10251201,,,1,,,,,,,,,,,,,,,,,,,,,,,,,,,,,,,,,,1,,,,,,,,,,,,,,,,,,,,,,,,,,,,,,,,,,,,,,
102505,1025,11,,,,,1,102512,3,,,,,,,,,,,,,,,2,102505,,,,,,,,,,,,,,,,,,,,,,,,,,,2,,207101,,3,2,2,,,,1,,,,,,,,,,,,,,,,,,,,,19,3,133107106#2,,,,,,,2071,,,,,,,,
102506,1025,12,,,,,1,102505,3,,,,,,,,,,,,,,,2,102506,,,,,,,,,,,,,,,,,,,,,,,,,,,1,,Q102506Trigger,15,3,2,2,,,,1,,,43,10007,1,,,,,,,,,,,,,,,,,,,,,,,,,1016#10211#1015#10232#2093#2083#2054,,,,,,,,
102507,1025,13,,1,1,,1,102506,3,,,,,,,,,,,,,,,2,102507,,,,,,,,,,,,,,,,,,,,,,,,,,,,,,,,,,,,,1,,,23,10251301,1,,,,,,,,,,,,,,,,,,,,,,,,,,,,,,,,,
102508,1025,14,,1,1,,1,102506,3,,,,,,,,,,,,,,,2,102508,,,,,,,,,,,,,,,,,,,,,,,,,,,,,,,,,,,,,1,,,23,10251301,1,,,,,,,,,,,,,,,,,,,,,,,,,,,,,,,,,
102509,1025,15,,1,1,,1,102506,3,,,,,,,,,,,,,,,2,102509,,,,,,,,,,,,,,,,,,,,,,,,,,,,,,,,,,,,,1,,,23,10251301,1,,,,,,,,,,,,,,,,,,,,,,,,,,,,,,,,,
102518,1025,16,,1,1,,1,102506,3,,,,,,,,,,,,,,,2,102518,,,,,,,,,,,,,,,,,,,,,,,,,,,,,,,,,,,,,1,,,23,10251301,1,,,,,,,,,,,,,,,,,,,,,,,,,,,,,,,,,
102519,1025,17,,1,1,,1,102506,3,,,,,,,,,,,,,,,2,102519,,,,,,,,,,,,,,,,,,,,,,,,,,,,,,,,,,,,,1,,,23,10251301,1,,,,,,,,,,,,,,,,,,,,,,,,,,,,,,,,,
102520,1025,18,,1,1,,1,102506,3,,,,,,,,,,,,,,,2,102521,,,,,,,,,,,,,,,,,,,,,,,,,,,,,,,,,,,,,1,,,23,10251301,1,,,,,,,,,,,,,,,,,,,,,,,,,,,,,,,,,
102513,1025,19,2,1,,,1,102506,3,,,,,,,,,,,,,,,24,10251301,,,3,,,,,,,,,,,,,,,,,,,,,,,,1,,Q102506Trigger,15,3,2,2,,,,1,,,23,10251401,1,,,,,,,,,,,,,,,,,,,,,,,,,1016#10211#1015#10232#2093#2083#2054,,,,,,,,
102514,1025,20,,1,1,,1,102506,3,,,,,,,,,,,,,,,24,10251401,,,1,,,,,,,,,,,,,,,,,,,,,,,,,,,,,,,,,,1,,,,,,,,,,,,,,,,,,,,,,,,,,,,,,,,,,,,,,
102510,1025,21,,,,,1,102514,3,,,,,,,,,,,,,,,2,102510,,,,,,,,,,,,,,,,,,,,,,,,,,,2,,10232,,3,2,2,,1,,1,,,43,10006,1,,,,,,,,,,,,,,,,,,,,,,,,,10232,,,,,,,,
102601,1026,1,,,1,,1,102510,3,,,,,,,,,,,,,,,4,102601,,,,,,,,,,,,,,,,,,,,,,,,,,,,,,,,,,,,,1,,,,,,,,,,,,,,,,,,,,,19,3,133102905#2,19,3,133107925#2,19,3,133107926#2,,,,,,,,,
102602,1026,2,,,1,,1,102510,3,,,,,,,,,,,,,,,4,102602,,,,,,,,,,,,,,,,,,,,,,,,,,,,,,,,,,,,,1,,,,,,,,,,,,,,,,,,,,,,,,,,,,,,,,,,,,,,
102603,1026,3,,,1,,1,102510,3,,,,,,,,,,,,,,,18,2,,0#6,,,,,,,,,,,,,,,,,,,,,,,,,,,,,,,,,,,1,,,19,3,133107106#1,,,,,,,,,,,,,,,,,,,,,,,,,,,,,,,,,
102604,1026,4,,,1,,1,102510,3,,,,,,,,,,,,,,,4,102601,,,,,,,,,,,,,,,,,,,,,,,,,,,,,,,,,,,,,1,,,,,,,,,,,,,,,,,,,,,19,3,133102905#2,19,3,133107925#2,19,3,133107926#2,,,,,,,,,
