ID,类型,子类型,是否忽略navmesh,开启空间寻路,NavmeshMode,LevelEntityConfig,entity排序,指定角色列表,指定角色上限,是否检查关卡产出配置,保底拉回ScenePoint,联机模式,是否支持自定义地图标记,是否删除自定义地图标记,地城场景入口点,工具用地城类型,是否废弃blockbin,是否废弃SceneBin,关联场景ID
1001,2,,,,,,,,,0,,,,,,,,,
1002,1,,,,,,,,,0,,,,,,,,,
1003,1,,,,,,,,,0,,,,,,,,,
1004,3,,1,,,,,,,0,,,,,,,,,
1005,3,,,,,Level_Sneak,,10000005#10000007,1,0,,,,,,,,,
1006,2,,,,,,,,,1,,,,,,,,,
1008,3,,,,,,,,,0,,,,,,,,,
1009,3,,,,,,,,,0,,,,,,,,,
1011,2,,,,,,,,,0,,,,,,,,,
1013,3,,,,,Level_Sneak,,10000005#10000007,1,0,,,,,,,,,
1015,2,,,,,Level_Sneak,,10000005#10000007,1,1,,,,,,,,,
1016,2,,,,,,,,,1,,,,,,,,,
1017,2,,,,,,,,,1,,,,,,,,,
1018,3,,,,,,,,,0,,,,,,,,,
1019,2,,,,,Level_Dungeon,,,,0,,,,,,,,,
1023,3,,,,,,,,,0,,,,,,,,,
1024,2,,,,,,,,,1,,,,,,,,,
1030,1,,,,,Level_Sneak,,,1,0,,,,,,,,,
1031,2,,,,,,,,,1,,,,,,,,,
1032,2,,,,,LevelEntity_Quest_XiaoDungeon,,,,1,,,,,,,,,
1033,3,,,,,,,,,0,,,,,,,,,
1034,3,,,,,,,,,0,,,,,,,,,
1035,3,,,,,,,,,0,,,,,,,,,
1050,2,,,,,,,,,0,,,,,,,,,
1051,2,,,,,,,,,1,,,,,,,,,
1052,2,,,,,,,,,1,,,,,,,,,
1053,2,,,,,,,,,1,,,,,,,,,
1054,2,,,,,,,,,1,,,,,,,,,
1055,2,,,,,,,,,1,,,,,,,,,
1056,2,,,,,,,,,1,,,,,,,,,
1057,3,,1,,,,,,,0,,,,,,,,,
1058,2,,,,,,,,,1,,,,,,,,,
1059,2,,,,,,,,,1,,,,,,,,,
1060,3,,1,,,,,,,0,,,,,,,,,
1061,3,,1,,,,,,,0,,,,,,,,,
1062,2,,,,,,,,,1,,,,,,,,,
1063,3,,1,,,,,,,0,,,,,,,,,
1064,3,,1,,,,,,,1,,,,,,,,,
1065,2,,,,,,,,,1,,,,,,,,,
1066,3,,1,,,,,,,,,,,,,,,,
1068,3,,,,,Level_Bartender_Room,,10000005#10000007,1,1,,1,,,,,,,
1069,3,,,,,,,,,0,,,,,,,,,
1070,2,,,,,,,,,1,,,,,,,,,
1071,2,,,,,,,,,,,,,,,,,,
1072,3,,1,,,,,,,0,,,,,,,,,
1073,3,,1,,,,,,,0,,,,,,,,,
1074,3,,1,,,,,,,0,,,,,,,,,
1075,3,,1,,,,,,,0,,,,,,,,,
1077,3,,1,,,,,,,,,,,,,,,,
1078,3,,1,,,,,,,,,,,,,,,,
2001,4,,,,,,,,,1,,,,,,,,,
2002,4,,,,,,,,,1,,,,,,,,,
2003,4,,,,,,,,,1,,,,,,,,,
2004,4,,,,,,,,,1,,,,,,,,,
2005,4,,,,,,,,,1,,,,,,,,,
2201,5,,,,,,,,,1,,,,,,,,,
2202,5,,,,,,,,,1,,,,,,,,,
2203,5,,,,,,,,,1,,,,,,,,,
2204,5,,,,,,,,,1,,,,,,,,,
1,1,,,,,Level_BigWorld,,,,0,,,,,,,,,
2,1,,,,,Level_BigWorld,,,,0,,,,,,,,,
3,1,,,1,,Level_BigWorld,,,,1,15,,1,,,,,,
4,1,,,,,Level_BigWorld,,,,1,1,,1,1,,,1,,
5,1,,,,,Level_BigWorld,,,,1,1,,1,,,,,,
6,1,,,,,Level_BigWorld,,,,1,1,,1,,,,,,
7,1,,,,,Level_BigWorld,,,,1,2,,1,1,,,1,,
9,1,,,,1,Level_BigWorld,,,,1,33,,1,1,,,1,,
20000,2,,,,,,,,,0,,,,,,,,,
20005,2,,,,,,,,,1,,,,,,,,,
20006,2,,,,,,,,,0,,,,,,,,,
20007,2,,,,,,,,,0,,,,,,,,,
20008,2,,,,,,,,,1,,,,,,,,,
20009,2,,,,,,,,,1,,,,,,,,,
20010,2,,,,,,,,,1,,,,,,,,,
20011,2,,,,,,,,,1,,,,,,,,,
20012,2,,,,,,,,,0,,,,,,,,,
20013,2,,,,,,,,,0,,,,,,,,,
20014,2,,,,,,,,,0,,,,,,,,,
20015,2,,,,,,,,,0,,,,,,,,,
20016,2,,,,,,,,,1,,,,,,,,,
20017,2,,,,,Level_Dvalin_S01,1,10000005#10000007,1,1,,,,,,,,,
20018,2,,,,,Level_Dvalin_S04,1,,,1,,,,,,,,,
20019,2,,,,,,,,,1,,,,,,,,,
20020,2,,,,,Level_Dvalin_S00,1,10000005#10000007,1,1,,,,,,,,,
20022,2,,,,,,,,,1,,,,,,,,,
20023,2,,,,,,,,,1,,,,,,,,,
20024,2,,,,,,,,,1,,,,,,,,,
20025,2,,,,,Level_Dvalin_S04_Recycle,1,,,1,,,,,,,,,
20026,2,,,,,,,,,1,,,,,,,,,
20027,2,,,,,,,,,1,,,,,,,,,
20028,2,,,,,,,,,1,,,,,,,,,
20031,2,,,,,,,,,1,,,,,,,,,
20032,2,,,,,,,,,1,,,,,,,,,
20034,2,,,,,Level_Tartaglia,,,,1,,,,,,,,,
20035,2,,,,,,,,,1,,,,,,,,,
20036,2,,,,,,,,,1,,,,,,,,,
20037,2,,,,,,,,,1,,,,,,,,,
20101,2,,,,,Level_Tartaglia,,,,1,,,,,,,,,
20102,2,,,,,,,,,1,,,,,,,,,
20103,2,,,,,,,,,1,,,,,,,,,
20104,2,,,,,,,,,1,,,,,,,,,
20105,2,,,,,,,,,1,,,,,,,,,
20106,2,,,,,Level_Dahaka_CameraSetting,,,,1,,,,,,,,,
20107,2,,,,,Level_Dahaka_CameraSetting,,,,1,,,,,,,,,
20108,2,,,,,Level_Dahaka_CameraSetting,,,,1,,,,,,,,,
20109,2,,,,,Level_Dahaka_CameraSetting,,,,1,,,,,,,,,
20110,2,,,,,Level_Dahaka_CameraSetting,,,,1,,,,,,,,,
20111,2,,,,,,,,,1,,,,,,,,,
20112,2,,,,,Level_Monster_Shougun_Setting,,,,1,,,,,,,,,
20113,2,,,,,,,,,1,,,,,,,,,
20114,2,,,,,,,,,1,,,,,,,,,
20115,2,,,,,,,,,1,,,,,,,,,
20116,2,,,,,,,,,1,,,,,,,,,
20117,2,,,,,Level_Monster_Shougun_Tachi_Revive,,,,1,,,,,,,,,
20118,2,,,,,,,,,1,,,,,,,,,
20119,2,,,,,,,,,1,,,,,,,,,
20120,2,,,,,,,,,1,,,,,,,,,
20121,2,,,,,,,,,1,,,,,,,,,
20122,2,,,,,Level_Monster_Shougun_Mitakenarukami_AvatarRevive,,,,1,,,,,,,,,
20123,2,,,,,,,,,1,,,,,,,,,
20124,2,,,,,,,,,1,,,,,,,,,
20125,2,,,,,,,,,1,,,,,,,,,
20126,2,,,,,,,,,1,,,,,,,,,
20127,2,,,,,,,,,1,,,,,,,,,
20128,2,,,,,LevelEntity_Activity_V2_7_CYRogue_20128,,,,1,,,,,,,,,
20129,2,,,,,,,,,1,,,,,,,,,
20130,3,,,,,,,,,,,,,,,,,,
20131,2,,,,,,,,,1,,,,,,,,,
20132,2,,,,,Level_Dungeon,,,,1,,,,,,,,,
20133,2,1,,,,,,,,1,,,,,9#27,,1,1,
20134,2,1,,,,Level_DreamDungeon_Mona,,,,1,,,,,9#29,,1,1,
20135,2,1,,,,,,,,1,,,,,9#11,,1,1,
20136,2,1,,,,Level_DreamDungeon_Mona,,,,1,,,,,,,1,1,
20137,2,1,,,,,,,,,,,,,9#15,,1,1,
20138,2,1,,,,,,,,,,,,,9#17,,1,1,
20139,2,1,,,,,,,,,,,,,9#19,,1,1,
20140,2,1,,,,,,,,1,,,,,9#13,,1,1,
20141,2,1,,,,,,,,1,,,,,,,1,1,
20142,2,1,,,,,,,,1,,,,,9#9,,1,1,
20143,2,1,,,,,,,,,,,,,,,1,1,
20144,2,1,,,,,,,,,,,,,,,1,1,
20145,2,,,,,Level_Dungeon,,,,1,,,,,,,,,
20146,2,,,,,Level_Dungeon,,,,1,,,,,,,,,
20147,2,,,,,Level_Dungeon,,,,1,,,,,,,,,
20148,2,,,,,,,,,1,,,,,,,,,
20149,2,,,,,Level_Dungeon,,,,1,,,,,,,,,
20150,2,,,,,,,,,1,,,,,,,,,
20151,2,,,,,,,,,1,,,,,,,,,
20152,2,,,,,Level_Monster_Nada_Setting,,,,0,,,,,,,,,
20153,2,,,,,Level_Monster_Nada_Setting,,,,1,,,,,,,,,
20154,2,,,,,Level_Monster_Nada_Setting,,,,1,,,,,,,,,
20155,2,,,,,Level_Monster_Nada_Setting,,,,1,,,,,,,,,
20156,2,,,,,Level_Monster_Nada_Setting,,,,1,,,,,,,,,
20157,2,,,,,,,,,1,,,,,,,,,
20158,2,,,,,Level_Dungeon,,,,1,,,,,,,,,
20159,2,,,,,Level_Dungeon,,,,1,,,,,,,,,
20160,2,,,,,Level_Dungeon,,,,1,,,,,,,,,
20161,2,,,,,Level_Dungeon,,,,1,,,,,,,,,
20162,2,,,,,,,,,1,,,,,,,,,
20163,2,,,,,Level_Dungeon,,,,1,,,,,,,,,
20164,2,,,,,,,,,1,,,,,,,,,
20165,2,,,,,Level_Dungeon,,,,1,,,,,,,,,
20168,2,,,,,Level_Monster_Nada_Setting,,,,1,,,,,,,,,
30001,2,,,,,,,,,0,,,,,,,,,
30100,2,,,,,,,,,1,,,,,,,,,
30101,2,,,,,,,,,1,,,,,,,,,
30102,2,,,,,,,,,1,,,,,,,,,
30103,2,,,,,,,,,1,,,,,,,,,
30104,2,,,,,,,,,1,,,,,,,,,
30200,2,,,,,,,,,1,,,,,,,,,
30201,2,,,,,,,,,1,,,,,,,,,
30202,2,,,,,,,,,1,,,,,,,,,
30203,2,,,,,,,,,1,,,,,,,,,
30204,2,,,,,,,,,1,,,,,,,,,
30300,2,,,,,,,,,1,,,,,,,,,
30301,2,,,,,,,,,1,,,,,,,,,
30302,2,,,,,,,,,1,,,,,,,,,
30303,2,,,,,,,,,1,,,,,,,,,
30304,2,,,,,,,,,1,,,,,,,,,
30400,2,,,,,,,,,1,,,,,,,,,
30401,2,,,,,,,,,1,,,,,,,,,
30402,2,,,,,,,,,1,,,,,,,,,
30403,2,,,,,,,,,1,,,,,,,,,
30404,2,,,,,,,,,1,,,,,,,,,
30500,2,,,,,,,,,1,,,,,,,,,
30501,2,,,,,,,,,1,,,,,,,,,
30502,2,,,,,,,,,1,,,,,,,,,
30503,2,,,,,,,,,1,,,,,,,,,
30504,2,,,,,,,,,1,,,,,,,,,
30600,2,,,,,,,,,1,,,,,,,,,
30601,2,,,,,,,,,1,,,,,,,,,
30602,2,,,,,,,,,1,,,,,,,,,
30603,2,,,,,,,,,1,,,,,,,,,
30604,2,,,,,,,,,1,,,,,,,,,
30700,2,,,,,,,,,1,,,,,,,,,
30701,2,,,,,,,,,1,,,,,,,,,
30702,2,,,,,,,,,1,,,,,,,,,
30703,2,,,,,,,,,1,,,,,,,,,
30704,2,,,,,,,,,1,,,,,,,,,
30800,2,,,,,,,,,1,,,,,,,,,
30801,2,,,,,,,,,1,,,,,,,,,
30802,2,,,,,,,,,1,,,,,,,,,
30803,2,,,,,,,,,1,,,,,,,,,
30804,2,,,,,,,,,1,,,,,,,,,
30900,2,,,,,,,,,1,,,,,,,,,
30901,2,,,,,,,,,1,,,,,,,,,
30902,2,,,,,,,,,1,,,,,,,,,
30903,2,,,,,,,,,1,,,,,,,,,
30904,2,,,,,,,,,1,,,,,,,,,
31000,2,,,,,,,,,1,,,,,,,,,
31001,2,,,,,,,,,1,,,,,,,,,
31002,2,,,,,,,,,1,,,,,,,,,
31003,2,,,,,,,,,1,,,,,,,,,
31004,2,,,,,,,,,1,,,,,,,,,
31100,2,,,,,,,,,1,,,,,,,,,
31101,2,,,,,,,,,1,,,,,,,,,
31102,2,,,,,,,,,1,,,,,,,,,
31103,2,,,,,,,,,1,,,,,,,,,
31104,2,,,,,,,,,1,,,,,,,,,
31200,2,,,,,,,,,1,,,,,,,,,
31201,2,,,,,,,,,1,,,,,,,,,
31202,2,,,,,,,,,1,,,,,,,,,
31203,2,,,,,,,,,1,,,,,,,,,
31204,2,,,,,,,,,1,,,,,,,,,
31300,2,,,,,,,,,1,,,,,,,,,
31301,2,,,,,,,,,1,,,,,,,,,
31302,2,,,,,,,,,1,,,,,,,,,
31303,2,,,,,,,,,1,,,,,,,,,
31304,2,,,,,,,,,1,,,,,,,,,
31400,2,,,,,,,,,1,,,,,,,,,
31401,2,,,,,,,,,1,,,,,,,,,
31402,2,,,,,,,,,1,,,,,,,,,
31403,2,,,,,,,,,1,,,,,,,,,
31404,2,,,,,,,,,1,,,,,,,,,
31500,2,,,,,,,,,1,,,,,,,,,
31501,2,,,,,,,,,1,,,,,,,,,
31502,2,,,,,,,,,1,,,,,,,,,
31503,2,,,,,,,,,1,,,,,,,,,
31504,2,,,,,,,,,1,,,,,,,,,
31600,2,,,,,,,,,1,,,,,,,,,
31601,2,,,,,,,,,1,,,,,,,,,
31602,2,,,,,,,,,1,,,,,,,,,
31603,2,,,,,,,,,1,,,,,,,,,
31604,2,,,,,,,,,1,,,,,,,,,
31700,2,,,,,,,,,1,,,,,,,,,
31701,2,,,,,,,,,1,,,,,,,,,
31702,2,,,,,,,,,1,,,,,,,,,
31703,2,,,,,,,,,1,,,,,,,,,
31704,2,,,,,,,,,1,,,,,,,,,
31800,2,,,,,,,,,1,,,,,,,,,
31801,2,,,,,,,,,1,,,,,,,,,
31802,2,,,,,,,,,1,,,,,,,,,
31803,2,,,,,,,,,1,,,,,,,,,
31804,2,,,,,,,,,1,,,,,,,,,
31900,2,,,,,,,,,1,,,,,,,,,
31901,2,,,,,,,,,1,,,,,,,,,
31902,2,,,,,,,,,1,,,,,,,,,
31903,2,,,,,,,,,1,,,,,,,,,
31904,2,,,,,,,,,1,,,,,,,,,
32000,2,,,,,,,,,1,,,,,,,,,
32001,2,,,,,,,,,1,,,,,,,,,
32002,2,,,,,,,,,1,,,,,,,,,
32003,2,,,,,,,,,1,,,,,,,,,
32004,2,,,,,,,,,1,,,,,,,,,
32100,2,,,,,,,,,1,,,,,,,,,
32101,2,,,,,,,,,1,,,,,,,,,
32102,2,,,,,,,,,1,,,,,,,,,
32103,2,,,,,,,,,1,,,,,,,,,
32104,2,,,,,,,,,1,,,,,,,,,
32200,2,,,,,,,,,1,,,,,,,,,
32201,2,,,,,,,,,1,,,,,,,,,
32202,2,,,,,,,,,1,,,,,,,,,
32203,2,,,,,,,,,1,,,,,,,,,
32204,2,,,,,,,,,1,,,,,,,,,
33100,2,,,,,,,,,1,,,,,,,,,
33101,2,,,,,,,,,1,,,,,,,,,
33102,2,,,,,,,,,1,,,,,,,,,
33103,2,,,,,,,,,1,,,,,,,,,
34100,2,,,,,,,,,1,,,,,,,,,
34101,2,,,,,,,,,1,,,,,,,,,
34102,2,,,,,,,,,1,,,,,,,,,
34103,2,,,,,,,,,1,,,,,,,,,
35100,2,,,,,,,,,1,,,,,,,,,
35101,2,,,,,,,,,1,,,,,,,,,
35102,2,,,,,,,,,1,,,,,,,,,
35103,2,,,,,,,,,1,,,,,,,,,
33401,2,,,,,LevelEntity_ClearLocalGadgets,,,,1,,,,,,,,,
33402,2,,,,,LevelEntity_ClearLocalGadgets,,,,1,,,,,,,,,
33403,2,,,,,LevelEntity_ClearLocalGadgets,,,,1,,,,,,,,,
33404,2,,,,,LevelEntity_ClearLocalGadgets,,,,1,,,,,,,,,
34401,2,,,,,LevelEntity_ClearLocalGadgets,,,,1,,,,,,,,,
34402,2,,,,,LevelEntity_ClearLocalGadgets,,,,1,,,,,,,,,
34403,2,,,,,LevelEntity_ClearLocalGadgets,,,,1,,,,,,,,,
34404,2,,,,,LevelEntity_ClearLocalGadgets,,,,1,,,,,,,,,
35401,2,,,,,LevelEntity_ClearLocalGadgets,,,,1,,,,,,,,,
35402,2,,,,,LevelEntity_ClearLocalGadgets,,,,1,,,,,,,,,
35403,2,,,,,LevelEntity_ClearLocalGadgets,,,,1,,,,,,,,,
35404,2,,,,,LevelEntity_ClearLocalGadgets,,,,1,,,,,,,,,
33700,2,,,,,,,,,1,,,,,,,,,
33701,2,,,,,,,,,1,,,,,,,,,
33702,2,,,,,,,,,1,,,,,,,,,
33703,2,,,,,,,,,1,,,,,,,,,
33704,2,,,,,,,,,1,,,,,,,,,
33705,2,,,,,,,,,1,,,,,,,,,
33706,2,,,,,,,,,1,,,,,,,,,
33707,2,,,,,,,,,1,,,,,,,,,
33708,2,,,,,,,,,1,,,,,,,,,
33709,2,,,,,,,,,1,,,,,,,,,
33710,2,,,,,,,,,1,,,,,,,,,
33711,2,,,,,,,,,1,,,,,,,,,
33712,2,,,,,,,,,1,,,,,,,,,
33713,2,,,,,,,,,1,,,,,,,,,
33714,2,,,,,,,,,1,,,,,,,,,
33715,2,,,,,,,,,1,,,,,,,,,
33716,2,,,,,,,,,1,,,,,,,,,
33717,2,,,,,,,,,1,,,,,,,,,
33718,2,,,,,,,,,1,,,,,,,,,
33719,2,,,,,,,,,1,,,,,,,,,
33720,2,,,,,,,,,1,,,,,,,,,
33721,2,,,,,,,,,1,,,,,,,,,
33722,2,,,,,,,,,1,,,,,,,,,
33723,2,,,,,,,,,1,,,,,,,,,
33724,2,,,,,,,,,1,,,,,,,,,
33725,2,,,,,,,,,1,,,,,,,,,
33726,2,,,,,,,,,1,,,,,,,,,
33727,2,,,,,,,,,1,,,,,,,,,
33728,2,,,,,,,,,1,,,,,,,,,
33729,2,,,,,,,,,1,,,,,,,,,
33730,2,,,,,,,,,1,,,,,,,,,
33731,2,,,,,,,,,1,,,,,,,,,
33732,2,,,,,,,,,1,,,,,,,,,
33733,2,,,,,,,,,1,,,,,,,,,
33734,2,,,,,,,,,1,,,,,,,,,
33735,2,,,,,,,,,1,,,,,,,,,
33736,2,,,,,,,,,1,,,,,,,,,
33737,2,,,,,LevelEntity_ClearLocalGadgets,,,,1,,,,,,,,,
33738,2,,,,,LevelEntity_ClearLocalGadgets,,,,1,,,,,,,,,
33739,2,,,,,LevelEntity_ClearLocalGadgets,,,,1,,,,,,,,,
33740,2,,,,,LevelEntity_ClearLocalGadgets,,,,1,,,,,,,,,
33741,2,,,,,LevelEntity_ClearLocalGadgets,,,,1,,,,,,,,,
33742,2,,,,,LevelEntity_ClearLocalGadgets,,,,1,,,,,,,,,
33743,2,,,,,LevelEntity_ClearLocalGadgets,,,,1,,,,,,,,,
33744,2,,,,,LevelEntity_ClearLocalGadgets,,,,1,,,,,,,,,
34700,2,,,,,,,,,1,,,,,,,,,
34701,2,,,,,,,,,1,,,,,,,,,
34702,2,,,,,,,,,1,,,,,,,,,
34703,2,,,,,,,,,1,,,,,,,,,
34704,2,,,,,,,,,1,,,,,,,,,
34705,2,,,,,,,,,1,,,,,,,,,
34706,2,,,,,,,,,1,,,,,,,,,
34707,2,,,,,,,,,1,,,,,,,,,
34708,2,,,,,,,,,1,,,,,,,,,
34709,2,,,,,,,,,1,,,,,,,,,
34710,2,,,,,,,,,1,,,,,,,,,
34711,2,,,,,,,,,1,,,,,,,,,
34712,2,,,,,,,,,1,,,,,,,,,
34713,2,,,,,,,,,1,,,,,,,,,
34714,2,,,,,,,,,1,,,,,,,,,
34715,2,,,,,,,,,1,,,,,,,,,
34716,2,,,,,,,,,1,,,,,,,,,
34717,2,,,,,,,,,1,,,,,,,,,
34718,2,,,,,,,,,1,,,,,,,,,
34719,2,,,,,,,,,1,,,,,,,,,
34720,2,,,,,,,,,1,,,,,,,,,
34721,2,,,,,,,,,1,,,,,,,,,
34722,2,,,,,,,,,1,,,,,,,,,
34723,2,,,,,,,,,1,,,,,,,,,
34724,2,,,,,,,,,1,,,,,,,,,
34725,2,,,,,,,,,1,,,,,,,,,
34726,2,,,,,,,,,1,,,,,,,,,
34727,2,,,,,,,,,1,,,,,,,,,
34728,2,,,,,,,,,1,,,,,,,,,
34729,2,,,,,,,,,1,,,,,,,,,
34730,2,,,,,,,,,1,,,,,,,,,
34731,2,,,,,,,,,1,,,,,,,,,
34732,2,,,,,,,,,1,,,,,,,,,
34733,2,,,,,,,,,1,,,,,,,,,
34734,2,,,,,,,,,1,,,,,,,,,
34735,2,,,,,,,,,1,,,,,,,,,
34736,2,,,,,,,,,1,,,,,,,,,
34737,2,,,,,LevelEntity_ClearLocalGadgets,,,,1,,,,,,,,,
34738,2,,,,,LevelEntity_ClearLocalGadgets,,,,1,,,,,,,,,
34739,2,,,,,LevelEntity_ClearLocalGadgets,,,,1,,,,,,,,,
34740,2,,,,,LevelEntity_ClearLocalGadgets,,,,1,,,,,,,,,
34741,2,,,,,LevelEntity_ClearLocalGadgets,,,,1,,,,,,,,,
34742,2,,,,,LevelEntity_ClearLocalGadgets,,,,1,,,,,,,,,
34743,2,,,,,LevelEntity_ClearLocalGadgets,,,,1,,,,,,,,,
34744,2,,,,,LevelEntity_ClearLocalGadgets,,,,1,,,,,,,,,
35700,2,,,,,,,,,1,,,,,,,,,
35701,2,,,,,,,,,1,,,,,,,,,
35702,2,,,,,,,,,1,,,,,,,,,
35703,2,,,,,,,,,1,,,,,,,,,
35704,2,,,,,,,,,1,,,,,,,,,
35705,2,,,,,,,,,1,,,,,,,,,
35706,2,,,,,,,,,1,,,,,,,,,
35707,2,,,,,,,,,1,,,,,,,,,
35708,2,,,,,,,,,1,,,,,,,,,
35709,2,,,,,,,,,1,,,,,,,,,
35710,2,,,,,,,,,1,,,,,,,,,
35711,2,,,,,,,,,1,,,,,,,,,
35712,2,,,,,,,,,1,,,,,,,,,
35713,2,,,,,,,,,1,,,,,,,,,
35714,2,,,,,,,,,1,,,,,,,,,
35715,2,,,,,,,,,1,,,,,,,,,
35716,2,,,,,,,,,1,,,,,,,,,
35717,2,,,,,,,,,1,,,,,,,,,
35718,2,,,,,,,,,1,,,,,,,,,
35719,2,,,,,,,,,1,,,,,,,,,
35720,2,,,,,,,,,1,,,,,,,,,
35721,2,,,,,,,,,1,,,,,,,,,
35722,2,,,,,,,,,1,,,,,,,,,
35723,2,,,,,,,,,1,,,,,,,,,
35724,2,,,,,,,,,1,,,,,,,,,
35725,2,,,,,,,,,1,,,,,,,,,
35726,2,,,,,,,,,1,,,,,,,,,
35727,2,,,,,,,,,1,,,,,,,,,
35728,2,,,,,,,,,1,,,,,,,,,
35729,2,,,,,,,,,1,,,,,,,,,
35730,2,,,,,,,,,1,,,,,,,,,
35731,2,,,,,,,,,1,,,,,,,,,
35732,2,,,,,,,,,1,,,,,,,,,
35733,2,,,,,,,,,1,,,,,,,,,
35734,2,,,,,,,,,1,,,,,,,,,
35735,2,,,,,,,,,1,,,,,,,,,
35736,2,,,,,,,,,1,,,,,,,,,
35737,2,,,,,LevelEntity_ClearLocalGadgets,,,,1,,,,,,,,,
35738,2,,,,,LevelEntity_ClearLocalGadgets,,,,1,,,,,,,,,
35739,2,,,,,LevelEntity_ClearLocalGadgets,,,,1,,,,,,,,,
35740,2,,,,,LevelEntity_ClearLocalGadgets,,,,1,,,,,,,,,
35741,2,,,,,LevelEntity_ClearLocalGadgets,,,,1,,,,,,,,,
35742,2,,,,,LevelEntity_ClearLocalGadgets,,,,1,,,,,,,,,
35743,2,,,,,LevelEntity_ClearLocalGadgets,,,,1,,,,,,,,,
35744,2,,,,,LevelEntity_ClearLocalGadgets,,,,1,,,,,,,,,
35800,2,,,,,Level_WindFlora_Dungeon,,,,1,,,,,,,,,
35801,2,,,,,,,,,1,,,,,,,,,
35802,2,,,,,,,,,1,,,,,,,,,
35803,2,,,,,,,,,1,,,,,,,,,
35804,2,,,,,,,,,1,,,,,,,,,
35805,2,,,,,,,,,1,,,,,,,,,
35806,2,,,,,,,,,1,,,,,,,,,
35807,2,,,,,,,,,1,,,,,,,,,
35808,2,,,,,,,,,1,,,,,,,,,
35809,2,,,,,,,,,1,,,,,,,,,
35810,2,,,,,,,,,1,,,,,,,,,
35811,2,,,,,,,,,1,,,,,,,,,
35812,2,,,,,,,,,1,,,,,,,,,
35813,2,,,,,,,,,1,,,,,,,,,
35814,2,,,,,,,,,1,,,,,,,,,
35815,2,,,,,,,,,1,,,,,,,,,
35816,2,,,,,,,,,1,,,,,,,,,
35817,2,,,,,,,,,1,,,,,,,,,
35818,2,,,,,,,,,1,,,,,,,,,
35820,2,,,,,,,,,,,,,,,,,,
35821,2,,,,,,,,,,,,,,,,,,
35822,2,,,,,,,,,,,,,,,,,,
35823,2,,,,,,,,,,,,,,,,,,
35824,2,,,,,,,,,,,,,,,,,,
35825,2,,,,,,,,,,,,,,,,,,
35826,2,,,,,,,,,,,,,,,,,,
35827,2,,,,,,,,,,,,,,,,,,
35828,2,,,,,,,,,,,,,,,,,,
35829,2,,,,,,,,,,,,,,,,,,
35830,2,,,,,,,,,,,,,,,,,,
35831,2,,,,,,,,,,,,,,,,,,
35840,2,,,,,,,,,,,,,,,,,,
35841,2,,,,,,,,,,,,,,,,,,
35842,2,,,,,,,,,,,,,,,,,,
35843,2,,,,,,,,,,,,,,,,,,
35844,2,,,,,,,,,,,,,,,,,,
35845,2,,,,,,,,,,,,,,,,,,
35846,2,,,,,,,,,1,,,,,,,,,
35847,2,,,,,,,,,1,,,,,,,,,
35848,2,,,,,,,,,1,,,,,,,,,
35849,2,,,,,,,,,1,,,,,,,,,
35850,2,,,,,,,,,1,,,,,,,,,
35851,2,,,,,,,,,1,,,,,,,,,
35852,2,,,,,Level_DreamDungeon_Mona,,,,1,,,,,,,,,
35853,2,,,,,Level_DreamDungeon_Mona,,,,1,,,,,,,,,
35860,2,,,,,,,,,1,,,,,,,,,
35861,2,,,,,,,,,1,,,,,,,,,
35862,2,,,,,,,,,1,,,,,,,,,
35863,2,,,,,,,,,1,,,,,,,,,
40001,2,,,,,,,,,0,,,,,,,,,
40002,2,,,,,,,,,0,,,,,,,,,
40003,2,,,,,,,,,0,,,,,,,,,
40004,2,,,,,,,,,1,,,,,,,,,
40005,2,,,,,,,,,0,,,,,,,,,
40006,2,,,,,,,,,0,,,,,,,,,
40007,2,,,,,,,,,0,,,,,,,,,
40008,2,,,,,,,,,0,,,,,,,,,
40009,2,,,,,,,,,0,,,,,,,,,
40010,2,,,,,,,,,1,,,,,,,,,
40012,2,,,,,,,,,1,,,,,,,,,
40013,2,,,,,,,,,1,,,,,,,,,
40014,2,,,,,,,,,1,,,,,,,,,
40015,2,,,,,,,,,1,,,,,,,,,
40016,2,,,,,,,,,1,,,,,,,,,
40017,2,,,,,,,,,0,,,,,,,,,
40018,2,,,,,,,,,0,,,,,,,,,
40019,2,,,,,,,,,1,,,,,,,,,
40020,2,,,,,,,,,1,,,,,,,,,
40021,2,,,,,,,,,0,,,,,,,,,
40022,2,,,,,,,,,1,,,,,,,,,
40023,2,,,,,,,,,1,,,,,,,,,
40024,2,,,,,,,,,1,,,,,,,,,
40025,2,,,,,,,,,1,,,,,,,,,
40026,2,,,,,,,,,1,,,,,,,,,
40027,2,,,,,,,,,1,,,,,,,,,
40028,2,,,,,,,,,1,,,,,,,,,
40029,2,,,,,,,,,1,,,,,,,,,
40030,2,,,,,,,,,1,,,,,,,,,
40031,2,,,,,,,,,1,,,,,,,,,
40032,2,,,,,,,,,1,,,,,,,,,
40033,2,,,,,,,,,1,,,,,,,,,
40034,2,,,,,,,,,1,,,,,,,,,
40035,2,,,,,,,,,1,,,,,,,,,
40036,2,,,,,,,,,1,,,,,,,,,
40037,2,,,,,,,,,1,,,,,,,,,
40038,2,,,,,,,,,1,,,,,,,,,
40039,2,,,,,,,,,1,,,,,,,,,
40040,2,,,,,,,,,1,,,,,,,,,
40041,2,,,,,,,,,1,,,,,,,,,
40042,2,,,,,,,,,1,,,,,,,,,
40043,2,,,,,,,,,1,,,,,,,,,
40044,2,,,,,,,,,1,,,,,,,,,
40045,2,,,,,,,,,1,,,,,,,,,
40046,2,,,,,,,,,1,,,,,,,,,
40047,2,,,,,,,,,1,,,,,,,,,
40048,2,,,,,,,,,1,,,,,,,,,
40049,2,,,,,,,,,1,,,,,,,,,
40050,2,,,,,,,,,1,,,,,,,,,
40051,2,,,,,Level_Dungeon,,,,1,,,,,,,,,
40052,2,,,,,Level_Dungeon,,,,1,,,,,,,,,
40053,2,,,,,Level_Dungeon,,,,1,,,,,,,,,
40054,2,,,,,Level_Dungeon,,,,1,,,,,,,,,
40055,2,,,,,Level_EffigyChallenge,,,,1,,,,,,,,,
40056,2,,,,,Level_EffigyChallenge,,,,1,,,,,,,,,
40057,2,,,,,Level_EffigyChallenge,,,,1,,,,,,,,,
40058,2,,,,,Level_EffigyChallenge,,,,1,,,,,,,,,
40059,2,,,,,Level_EffigyChallenge,,,,1,,,,,,,,,
40060,2,,,,,Level_EffigyChallenge,,,,1,,,,,,,,,
40061,2,,,,,Level_EffigyChallenge,,,,1,,,,,,,,,
40062,2,,,,,Level_EffigyChallenge,,,,1,,,,,,,,,
40100,2,,,,,,,,,1,,,,,,,,,
40101,2,,,,,,,,,1,,,,,,,,,
40102,2,,,,,,,,,1,,,,,,,,,
40103,2,,,,,,,,,0,,,,,,,,,
40104,2,,,,,,,,,0,,,,,,,,,
40105,2,,,,,,,,,1,,,,,,,,,
40200,2,,,,,,,,,1,,,,,,,,,
40201,2,,,,,,,,,1,,,,,,,,,
40202,2,,,,,,,,,1,,,,,,,,,
40203,2,,,,,,,,,1,,,,,,,,,
40300,2,,,,,,,,,1,,,,,,,,,
40301,2,,,,,,,,,1,,,,,,,,,
40302,2,,,,,,,,,1,,,,,,,,,
40303,2,,,,,,,,,1,,,,,,,,,
40400,2,,,,,,,,,1,,,,,,,,,
40401,2,,,,,,,,,1,,,,,,,,,
40402,2,,,,,,,,,1,,,,,,,,,
40403,2,,,,,,,,,1,,,,,,,,,
40404,2,,,,,,,,,1,,,,,,,,,
40405,2,,,,,,,,,0,,,,,,,,,
40406,2,,,,,,,,,0,,,,,,,,,
40407,2,,,,,,,,,0,,,,,,,,,
40408,2,,,,,,,,,1,,,,,,,,,
40409,2,,,,,,,,,1,,,,,,,,,
40410,2,,,,,,,,,1,,,,,,,,,
40500,2,,,,,,,,,1,,,,,,,,,
40501,2,,,,,,,,,1,,,,,,,,,
40502,2,,,,,,,,,1,,,,,,,,,
40503,2,,,,,,,,,1,,,,,,,,,
40504,2,,,,,,,,,1,,,,,,,,,
40505,2,,,,,,,,,1,,,,,,,,,
40506,2,,,,,,,,,1,,,,,,,,,
40507,2,,,,,,,,,0,,,,,,,,,
40508,2,,,,,,,,,1,,,,,,,,,
40509,2,,,,,,,,,1,,,,,,,,,
40510,2,,,,,,,,,1,,,,,,,,,
40511,2,,,,,,,,,1,,,,,,,,,
40512,2,,,,,,,,,1,,,,,,,,,
40513,2,,,,,,,,,0,,,,,,,,,
40514,2,,,,,,,,,1,,,,,,,,,
40515,2,,,,,,,,,1,,,,,,,,,
40516,2,,,,,,,,,1,,,,,,,,,
40517,2,,,,,,,,,1,,,,,,,,,
40600,2,,,,,,,,,1,,,,,,,,,
40601,2,,,,,,,,,1,,,,,,,,,
40602,2,,,,,,,,,1,,,,,,,,,
40603,2,,,,,,,,,1,,,,,,,,,
40604,2,,,,,,,,,1,,,,,,,,,
40605,2,,,,,,,,,1,,,,,,,,,
40606,2,,,,,,,,,0,,,,,,,,,
40607,2,,,,,,,,,1,,,,,,,,,
40608,2,,,,,,,,,1,,,,,,,,,
40609,2,,,,,,,,,1,,,,,,,,,
40610,2,,,,,,,,,1,,,,,,,,,
40611,2,,,,,,,,,0,,,,,,,,,
40612,2,,,,,,,,,1,,,,,,,,,
40613,2,,,,,,,,,1,,,,,,,,,
40614,2,,,,,,,,,1,,,,,,,,,
40615,2,,,,,,,,,1,,,,,,,,,
40616,2,,,,,,,,,0,,,,,,,,,
40617,2,,,,,,,,,1,,,,,,,,,
40618,2,,,,,,,,,1,,,,,,,,,
40619,2,,,,,,,,,1,,,,,,,,,
40620,2,,,,,,,,,1,,,,,,,,,
40650,2,,,,,,,,,1,,,,,,,,,
40651,2,,,,,,,,,1,,,,,,,,,
40652,2,,,,,,,,,1,,,,,,,,,
40653,2,,,,,,,,,1,,,,,,,,,
40700,2,,,,,TestLevel_Element_Evn_Rock,,,,1,,,,,,,,,
40701,2,,,,,TestLevel_Element_Evn_Rock,,,,1,,,,,,,,,
40702,2,,,,,TestLevel_Element_Evn_Rock,,,,1,,,,,,,,,
40703,2,,,,,TestLevel_Element_Evn_Rock,,,,1,,,,,,,,,
40750,2,,,,,,,,,1,,,,,,,,,
40751,2,,,,,,,,,1,,,,,,,,,
40752,2,,,,,,,,,1,,,,,,,,,
40753,2,,,,,,,,,1,,,,,,,,,
40754,2,,,,,,,,,1,,,,,,,,,
40755,2,,,,,,,,,1,,,,,,,,,
40756,2,,,,,,,,,1,,,,,,,,,
40757,2,,,,,,,,,1,,,,,,,,,
40800,2,,,,,,,,,0,,,,,,,,,
40801,2,,,,,,,,,1,,,,,,,,,
40802,2,,,,,,,,,1,,,,,,,,,
40803,2,,,,,,,,,1,,,,,,,,,
40804,2,,,,,,,,,1,,,,,,,,,
40805,2,,,,,,,,,0,,,,,,,,,
40806,2,,,,,,,,,1,,,,,,,,,
40807,2,,,,,,,,,1,,,,,,,,,
40808,2,,,,,,,,,1,,,,,,,,,
40809,2,,,,,,,,,1,,,,,,,,,
40900,2,,,,,TestLevel_Element_Evn_Rock,,,,1,,,,,,,,,
40901,2,,,,,TestLevel_Element_Evn_Rock,,,,1,,,,,,,,,
40902,2,,,,,TestLevel_Element_Evn_Rock,,,,1,,,,,,,,,
40903,2,,,,,TestLevel_Element_Evn_Rock,,,,1,,,,,,,,,
40950,2,,,,,,,,,1,,,,,,,,,
40951,2,,,,,,,,,1,,,,,,,,,
40952,2,,,,,,,,,1,,,,,,,,,
40953,2,,,,,,,,,1,,,,,,,,,
41000,2,,,,,,,,,1,,,,,,,,,
41001,2,,,,,,,,,1,,,,,,,,,
41002,2,,,,,,,,,1,,,,,,,,,
41003,2,,,,,,,,,1,,,,,,,,,
41004,2,,,,,,,,,1,,,,,,,,,
41005,2,,,,,,,,,1,,,,,,,,,
41006,2,,,,,,,,,1,,,,,,,,,
41007,2,,,,,,,,,1,,,,,,,,,
41008,2,,,,,,,,,1,,,,,,,,,
41009,2,,,,,,,,,1,,,,,,,,,
41010,2,,,,,,,,,1,,,,,,,,,
41011,2,,,,,,,,,1,,,,,,,,,
41012,2,,,,,,,,,1,,,,,,,,,
41013,2,,,,,,,,,1,,,,,,,,,
41014,2,,,,,,,,,1,,,,,,,,,
41015,2,,,,,,,,,1,,,,,,,,,
41016,2,,,,,,,,,1,,,,,,,,,
41017,2,,,,,,,,,1,,,,,,,,,
41018,2,,,,,,,,,1,,,,,,,,,
41019,2,,,,,,,,,1,,,,,,,,,
41020,2,,,,,,,,,1,,,,,,,,,
41021,2,,,,,,,,,1,,,,,,,,,
41022,2,,,,,,,,,1,,,,,,,,,
41023,2,,,,,,,,,1,,,,,,,,,
41024,2,,,,,,,,,1,,,,,,,,,
41025,2,,,,,,,,,1,,,,,,,,,
41026,2,,,,,,,,,1,,,,,,,,,
41027,2,,,,,,,,,1,,,,,,,,,
41028,2,,,,,,,,,1,,,,,,,,,
41029,2,,,,,,,,,1,,,,,,,,,
41030,2,,,,,,,,,1,,,,,,,,,
41031,2,,,,,,,,,1,,,,,,,,,
41032,2,,,,,,,,,1,,,,,,,,,
41033,2,,,,,,,,,1,,,,,,,,,
41034,2,,,,,,,,,1,,,,,,,,,
41035,2,,,,,,,,,1,,,,,,,,,
41036,2,,,,,,,,,1,,,,,,,,,
41037,2,,,,,,,,,1,,,,,,,,,
41038,2,,,,,,,,,1,,,,,,,,,
41039,2,,,,,,,,,1,,,,,,,,,
41040,2,,,,,,,,,1,,,,,,,,,
41041,2,,,,,,,,,1,,,,,,,,,
41042,2,,,,,,,,,1,,,,,,,,,
41043,2,,,,,,,,,1,,,,,,,,,
41044,2,,,,,,,,,1,,,,,,,,,
41045,2,,,,,,,,,1,,,,,,,,,
41046,2,,,,,,,,,1,,,,,,,,,
41047,2,,,,,,,,,1,,,,,,,,,
41048,2,,,,,,,,,1,,,,,,,,,
41049,2,,,,,,,,,1,,,,,,,,,
41050,2,,,,,,,,,1,,,,,,,,,
41051,2,,,,,,,,,1,,,,,,,,,
41052,2,,,,,,,,,1,,,,,,,,,
41053,2,,,,,,,,,1,,,,,,,,,
41054,2,,,,,,,,,1,,,,,,,,,
41055,2,,,,,,,,,1,,,,,,,,,
41056,2,,,,,,,,,1,,,,,,,,,
41057,2,,,,,,,,,1,,,,,,,,,
41058,2,,,,,,,,,1,,,,,,,,,
42001,2,,,,,,,,,1,,,,,,,,,
42002,2,,,,,,,,,1,,,,,,,,,
42003,2,,,,,,,,,1,,,,,,,,,
42004,2,,,,,,,,,1,,,,,,,,,
42005,2,,,,,,,,,1,,,,,,,,,
42006,2,,,,,,,,,1,,,,,,,,,
42007,2,,,,,,,,,1,,,,,,,,,
42008,2,,,,,,,,,1,,,,,,,,,
42009,2,,,,,,,,,1,,,,,,,,,
42010,2,,,,,,,,,1,,,,,,,,,
42011,2,,,,,,,,,1,,,,,,,,,
42012,2,,,,,,,,,1,,,,,,,,,
42013,2,,,,,,,,,1,,,,,,,,,
42014,2,,,,,,,,,1,,,,,,,,,
43001,2,,,,,,,,,1,,,,,,,,,
43002,2,,,,,,,,,1,,,,,,,,,
43003,2,,,,,,,,,1,,,,,,,,,
43004,2,,,,,,,,,1,,,,,,,,,
43005,2,,,,,,,,,1,,,,,,,,,
43006,2,,,,,,,,,1,,,,,,,,,
43007,2,,,,,,,,,1,,,,,,,,,
43008,2,,,,,,,,,1,,,,,,,,,
43009,2,,,,,,,,,1,,,,,,,,,
43010,2,,,,,,,,,1,,,,,,,,,
43011,2,,,,,,,,,1,,,,,,,,,
43012,2,,,,,,,,,1,,,,,,,,,
43013,2,,,,,,,,,1,,,,,,,,,
44001,2,,,,,,,,,1,,,,,,,,,
44002,2,,,,,,,,,1,,,,,,,,,
44003,2,,,,,,,,,1,,,,,,,,,
44004,2,,,,,,,,,1,,,,,,,,,
44005,2,,,,,,,,,1,,,,,,,,,
44006,2,,,,,,,,,1,,,,,,,,,
44007,2,,,,,,,,,1,,,,,,,,,
44011,2,,,,,,,,,1,,,,,,,,,
44012,2,,,,,,,,,1,,,,,,,,,
44013,2,,,,,,,,,1,,,,,,,,,
45000,2,,,,,,,,,1,,,,,,,,,
45001,2,,,,,,,,,1,,,,,,,,,
45002,2,,,,,,,,,1,,,,,,,,,
45003,2,,,,,,,,,1,,,,,,,,,
45004,2,,,,,,,,,1,,,,,,,,,
45005,2,,,,,,,,,1,,,,,,,,,
45006,2,,,,,,,,,1,,,,,,,,,
45007,2,,,,,,,,,1,,,,,,,,,
45008,2,,,,,,,,,1,,,,,,,,,
45009,2,,,,,,,,,1,,,,,,,,,
45010,2,,,,,,,,,1,,,,,,,,,
45011,2,,,,,,,,,1,,,,,,,,,
45012,2,,,,,,,,,1,,,,,,,,,
45013,2,,,,,,,,,1,,,,,,,,,
45014,2,,,,,,,,,1,,,,,,,,,
45015,2,,,,,,,,,1,,,,,,,,,
45016,2,,,,,,,,,1,,,,,,,,,
45017,2,,,,,,,,,1,,,,,,,,,
45018,2,,,,,,,,,1,,,,,,,,,
45019,2,,,,,,,,,1,,,,,,,,,
45020,2,,,,,,,,,1,,,,,,,,,
45050,2,,,,,Level_UGC_Dungeon,,,,1,,,,,,,,,
45051,2,,,,,Level_UGC_Dungeon,,,,1,,,,,,,,,
45052,2,,,,,Level_UGC_Dungeon,,,,1,,,,,,,,,
45053,2,,,,,Level_UGC_Dungeon,,,,1,,,,,,,,,
45054,2,,,,,Level_UGC_Dungeon,,,,1,,,,,,,,,
45055,2,,,,,Level_UGC_Dungeon,,,,1,,,,,,,,,
45056,2,,,,,Level_UGC_Dungeon,,,,1,,,,,,,,,
45057,2,,,,,Level_UGC_Dungeon,,,,1,,,,,,,,,
45058,2,,,,,Level_UGC_Dungeon,,,,1,,,,,,,,,
45059,2,,,,,Level_UGC_Dungeon,,,,1,,,,,,,,,
46001,2,,,,,,,,,1,,,,,,,,,
46101,2,,,,,,,,,1,,,,,,,,,
46201,2,,,,,LevelEntity_Activity_V2_7_CYRogue_46201,,,,1,,,,,,,,,
46202,2,,,,,LevelEntity_Activity_V2_7_CYRogue_46202,,,,1,,,,,,,,,
46203,2,,,,,LevelEntity_Activity_V2_7_CYRogue_46203,,,,1,,,,,,,,,
46300,2,,,,,,,,,1,,,,,,,,,
46301,2,,,,,,,,,1,,,,,,,,,
46302,2,,,,,,,,,1,,,,,,,,,
46303,2,,,,,,,,,1,,,,,,,,,
46304,2,,,,,,,,,1,,,,,,,,,
46305,2,,,,,,,,,1,,,,,,,,,
46306,2,,,,,,,,,1,,,,,,,,,
47001,2,,,,,,,,,1,,,,,,,,,
47002,2,,,,,,,,,1,,,,,,,,,
47003,2,,,,,,,,,1,,,,,,,,,
47004,2,,,,,,,,,1,,,,,,,,,
47005,2,,,,,,,,,1,,,,,,,,,
47006,2,,,,,,,,,1,,,,,,,,,
47007,2,,,,,,,,,1,,,,,,,,,
47008,2,,,,,,,,,1,,,,,,,,,
47009,2,,,,,,,,,1,,,,,,,,,
47010,2,,,,,,,,,1,,,,,,,,,
47011,2,,,,,,,,,0,,,,,,,,,
47012,2,,,,,,,,,0,,,,,,,,,
47013,2,,,,,,,,,0,,,,,,,,,
47014,2,,,,,,,,,0,,,,,,,,,
47015,2,,,,,,,,,0,,,,,,,,,
47016,2,,,,,,,,,0,,,,,,,,,
47017,2,,,,,,,,,0,,,,,,,,,
47018,2,,,,,,,,,0,,,,,,,,,
47019,2,,,,,,,,,0,,,,,,,,,
47020,2,,,,,,,,,0,,,,,,,,,
47021,2,,,,,,,,,1,,,,,,,,,
47022,2,,,,,,,,,1,,,,,,,,,
47023,2,,,,,,,,,1,,,,,,,,,
47024,2,,,,,,,,,1,,,,,,,,,
47025,2,,,,,,,,,1,,,,,,,,,
47101,2,,,,,LevelEntity_Activity_V3_2_MushroomBeastBattle,,,,,,,,,,,,,
47102,2,,,,,LevelEntity_Activity_V3_2_MushroomBeastBattle,,,,,,,,,,,,,
47103,2,,,,,LevelEntity_Activity_V3_2_MushroomBeastBattle,,,,,,,,,,,,,
50002,2,,,,,TestLevel_Cold,,,,0,,,,,,,,,
50003,2,,,,,,,,,0,,,,,,,,,
50004,2,,,,,,,,,0,,,,,,,,,
50005,2,,,,,,,,,0,,,,,,,,,
50006,2,,,,,,,,,0,,,,,,,,,
50007,2,,,,,Level_ClimbTest1,,,,0,,,,,,,,,
50008,2,,,,,,,,,0,,,,,,,,,
50009,2,,,,,,,,,0,,,,,,,,,
50010,2,,,,,,,,,0,,,,,,,,,
50011,2,,,,,Level_Explode_Test,,,,0,,,,,,,,,
50012,2,,,,,Level_Swril_Test,,,,0,,,,,,,,,
50013,2,,,,,Level_Melt_Test,,,,0,,,,,,,,,
50014,2,,,,,,,,,0,,,,,,,,,
50015,2,,,,,,,,,0,,,,,,,,,
50016,2,,,,,,,,,0,,,,,,,,,
50017,2,,,,,,,,,0,,,,,,,,,
50018,2,,,,,,,,,0,,,,,,,,,
50019,2,,,,,TestLevel_Element_Evn_Rock,,,,0,,,,,,,,,
50020,1,,,,,,,,,0,,,,,,,,,
50021,2,,,,,,,,,0,,,,,,,,,
50022,2,,,,,,,,,0,,,,,,,,,
50023,2,,,,,,,,,0,,,,,,,,,
50024,2,,,,,LevelEntity_TowerBuff_ElementReactionHurt_Melt,,,,0,,,,,,,,,
50025,2,,,,,,,,,0,,,,,,,,,
50026,2,,,,,,,,,0,,,,,,,,,
50027,2,,,,,,,,,0,,,,,,,,,
50028,2,,,,,,,,,0,,,,,,,,,
50029,2,,,,,,,,,0,,,,,,,,,
50030,2,,,,,,,,,0,,,,,,,,,
50031,2,,,,,,,,,0,,,,,,,,,
50032,2,,,,,,,,,0,,,,,,,,,
50033,2,,,,,,,,,0,,,,,,,,,
50034,2,,,,,,,,,0,,,,,,,,,
50041,2,,,,,,,,,0,,,,,,,,,
50042,2,,,,,,,,,0,,,,,,,,,
50043,2,,,,,,,,,0,,,,,,,,,
50044,2,,,,,,,,,0,,,,,,,,,
50045,2,,,,,,,,,0,,,,,,,,,
50046,2,,,,,,,,,0,,,,,,,,,
50047,2,,,,,,,,,0,,,,,,,,,
50048,2,,,,,,,,,0,,,,,,,,,
50049,2,,,,,,,,,0,,,,,,,,,
50050,2,,,,,,,,,0,,,,,,,,,
50051,2,,,,,,,,,0,,,,,,,,,
50052,2,,,,,,,,,0,,,,,,,,,
50053,2,,,,,,,,,0,,,,,,,,,
50054,2,,,,,,,,,0,,,,,,,,,
50055,2,,,,,,,,,0,,,,,,,,,
50056,2,,,,,,,,,0,,,,,,,,,
50057,2,,,,,,,,,0,,,,,,,,,
50058,2,,,,,Level_Monster_Shougun_Setting,,,,0,,,,,,,,,
50059,2,,,,,Level_Monster_Shougun_Setting,,,,0,,,,,,,,,
50060,2,,,,,,,,,0,,,,,,,,,
50061,2,,,,,,,,,,,,,,,,,,
50062,2,,,,,,,,,0,,,,,,,,,
50063,2,,,,,,,,,0,,,,,,,,,
50064,2,,,,,,,,,0,,,,,,,,,
50065,2,,,,,,,,,0,,,,,,,,,
50066,2,,,,,,,,,0,,,,,,,,,
50067,2,,,,,,,,,0,,,,,,,,,
50068,2,,,,,,,,,,,,,,,,,,
50069,1,,,,,,,,,0,,,,,,,,,
50070,2,,,,,,,,,0,,,,,,,,,
50071,1,,,,,,,,,0,,,,,,,,,
50072,2,,,,,,,,,0,,,,,,,,,
50073,1,,,,,,,,,0,,,,,,,,,
50074,2,,,,,,,,,0,,,,,,,,,
50075,2,,,,,,,,,0,,,,,,,,,
50076,2,,,,,,,,,0,,,,,,,,,
50077,2,,,,,,,,,,,,,,,,,,
50078,2,1,,,,,,,,0,,,,,,,,,
50079,2,1,,,,Level_DreamDungeon_Mona,,,,0,,,,,,,,,
50080,2,1,,,,,,,,0,,,,,,,,,
50081,2,1,,,,Level_DreamDungeon_Mona,,,,0,,,,,,,,,
50082,2,1,,,,,,,,,,,,,,,,,
50083,2,1,,,,,,,,,,,,,,,,,
50084,2,1,,,,,,,,,,,,,,,,,
50085,2,1,,,,,,,,0,,,,,,,,,
50086,2,1,,,,,,,,0,,,,,,,,,
50087,2,1,,,,,,,,0,,,,,,,,,
50088,2,1,,,,,,,,,,,,,,,,,
50089,2,1,,,,,,,,,,,,,,,,,
50090,2,,,,,,,,,0,,,,,,,,,
50091,2,,,,,,,,,0,,,,,,,,,
50092,2,,,,,,,,,0,,,,,,,,,
50093,2,,,,,,,,,0,,,,,,,,,
50094,2,,,,,,,,,1,,,,,,,,,
50095,2,,,,,,,,,1,,,,,,,,,
50096,2,,,,,,,,,1,,,,,,,,,
50097,2,,,,,,,,,1,,,,,,,,,
50098,2,,,,,,,,,1,,,,,,,,,
50099,2,,,,,,,,,1,,,,,,,,,
51000,2,,,,,,,,,1,,,,,,,,,
51001,2,,,,,,,,,1,,,,,,,,,
51002,2,,,,,,,,,1,,,,,,,,,
51003,2,,,,,,,,,1,,,,,,,,,
51004,2,,,,,,,,,1,,,,,,,,,
51005,2,,,,,,,,,1,,,,,,,,,
51006,2,,,,,,,,,0,,,,,,,,,
51007,2,,,,,Level_BigWorld,,,,,,,,,,1,,,3
51008,2,,,,,Level_CharAmusement_Dungeon,,,,,,,,,,,,,
51009,2,,,,,LevelEntity_Activity_V3_2_MushroomBeastBattle,,,,,,,,,,,,,
